Store,CompetitionDistance,CompetitionOpenSinceMonth,CompetitionOpenSinceYear,Promo2,Promo2SinceWeek,Promo2SinceYear,PromoInterval,CompetitionOpenSinceMonth_missing,CompetitionOpenSinceYear_missing,CompetitionDistance_missing,StoreType_1,StoreType_2,StoreType_3,StoreType_4,Assortment_1,Assortment_2,Assortment_3
1,1270.0,9.0,2008.0,0,0.0,0.0,0,0,0,0,0,0,1,0,1,0,0
2,570.0,11.0,2007.0,1,13.0,2010.0,"Jan,Apr,Jul,Oct",0,0,0,1,0,0,0,1,0,0
3,14130.0,12.0,2006.0,1,14.0,2011.0,"Jan,Apr,Jul,Oct",0,0,0,1,0,0,0,1,0,0
4,620.0,9.0,2009.0,0,0.0,0.0,0,0,0,0,0,0,1,0,0,0,1
5,29910.0,4.0,2015.0,0,0.0,0.0,0,0,0,0,1,0,0,0,1,0,0
6,310.0,12.0,2013.0,0,0.0,0.0,0,0,0,0,1,0,0,0,1,0,0
7,24000.0,4.0,2013.0,0,0.0,0.0,0,0,0,0,1,0,0,0,0,0,1
8,7520.0,10.0,2014.0,0,0.0,0.0,0,0,0,0,1,0,0,0,1,0,0
9,2030.0,8.0,2000.0,0,0.0,0.0,0,0,0,0,1,0,0,0,0,0,1
10,3160.0,9.0,2009.0,0,0.0,0.0,0,0,0,0,1,0,0,0,1,0,0
11,960.0,11.0,2011.0,1,1.0,2012.0,"Jan,Apr,Jul,Oct",0,0,0,1,0,0,0,0,0,1
12,1070.0,0.0,0.0,1,13.0,2010.0,"Jan,Apr,Jul,Oct",0,0,0,1,0,0,0,0,0,1
13,310.0,0.0,0.0,1,45.0,2009.0,"Feb,May,Aug,Nov",0,0,0,0,0,0,1,1,0,0
14,1300.0,3.0,2014.0,1,40.0,2011.0,"Jan,Apr,Jul,Oct",0,0,0,1,0,0,0,1,0,0
15,4110.0,3.0,2010.0,1,14.0,2011.0,"Jan,Apr,Jul,Oct",0,0,0,0,0,0,1,0,0,1
16,3270.0,0.0,0.0,0,0.0,0.0,0,0,0,0,1,0,0,0,0,0,1
17,50.0,12.0,2005.0,1,26.0,2010.0,"Jan,Apr,Jul,Oct",0,0,0,1,0,0,0,1,0,0
18,13840.0,6.0,2010.0,1,14.0,2012.0,"Jan,Apr,Jul,Oct",0,0,0,0,0,0,1,0,0,1
19,3240.0,0.0,0.0,1,22.0,2011.0,"Mar,Jun,Sept,Dec",0,0,0,1,0,0,0,0,0,1
20,2340.0,5.0,2009.0,1,40.0,2014.0,"Jan,Apr,Jul,Oct",0,0,0,0,0,0,1,1,0,0
21,550.0,10.0,1999.0,1,45.0,2009.0,"Jan,Apr,Jul,Oct",0,0,0,0,0,1,0,0,0,1
22,1040.0,0.0,0.0,1,22.0,2012.0,"Jan,Apr,Jul,Oct",0,0,0,1,0,0,0,1,0,0
23,4060.0,8.0,2005.0,0,0.0,0.0,0,0,0,0,0,0,0,1,1,0,0
24,4590.0,3.0,2000.0,1,40.0,2011.0,"Jan,Apr,Jul,Oct",0,0,0,1,0,0,0,0,0,1
25,430.0,4.0,2003.0,0,0.0,0.0,0,0,0,0,0,0,1,0,1,0,0
26,2300.0,0.0,0.0,0,0.0,0.0,0,0,0,0,0,0,0,1,1,0,0
27,60.0,1.0,2005.0,1,5.0,2011.0,"Jan,Apr,Jul,Oct",0,0,0,1,0,0,0,1,0,0
28,1200.0,10.0,2014.0,1,6.0,2015.0,"Mar,Jun,Sept,Dec",0,0,0,1,0,0,0,1,0,0
29,2170.0,0.0,0.0,0,0.0,0.0,0,0,0,0,0,0,0,1,0,0,1
30,40.0,2.0,2014.0,1,10.0,2014.0,"Mar,Jun,Sept,Dec",0,0,0,1,0,0,0,1,0,0
31,9800.0,7.0,2012.0,0,0.0,0.0,0,0,0,0,0,0,0,1,0,0,1
32,2910.0,0.0,0.0,1,45.0,2009.0,"Feb,May,Aug,Nov",0,0,0,1,0,0,0,1,0,0
33,1320.0,5.0,2013.0,0,0.0,0.0,0,0,0,0,1,0,0,0,0,0,1
34,2240.0,9.0,2009.0,0,0.0,0.0,0,0,0,0,0,0,1,0,1,0,0
35,7660.0,10.0,2000.0,1,1.0,2012.0,"Jan,Apr,Jul,Oct",0,0,0,0,0,0,1,0,0,1
36,540.0,6.0,2003.0,1,40.0,2014.0,"Jan,Apr,Jul,Oct",0,0,0,1,0,0,0,0,0,1
37,4230.0,12.0,2014.0,0,0.0,0.0,0,0,0,0,0,0,1,0,1,0,0
38,1090.0,4.0,2007.0,0,0.0,0.0,0,0,0,0,0,0,0,1,1,0,0
39,260.0,10.0,2006.0,1,31.0,2013.0,"Feb,May,Aug,Nov",0,0,0,1,0,0,0,1,0,0
40,180.0,0.0,0.0,1,45.0,2009.0,"Feb,May,Aug,Nov",0,0,0,1,0,0,0,1,0,0
41,1180.0,0.0,0.0,1,31.0,2013.0,"Jan,Apr,Jul,Oct",0,0,0,0,0,0,1,0,0,1
42,290.0,0.0,0.0,1,40.0,2011.0,"Jan,Apr,Jul,Oct",0,0,0,1,0,0,0,0,0,1
43,4880.0,0.0,0.0,1,37.0,2009.0,"Jan,Apr,Jul,Oct",0,0,0,0,0,0,1,1,0,0
44,540.0,6.0,2011.0,0,0.0,0.0,0,0,0,0,1,0,0,0,1,0,0
45,9710.0,2.0,2014.0,0,0.0,0.0,0,0,0,0,0,0,0,1,1,0,0
46,1200.0,9.0,2005.0,1,14.0,2011.0,"Jan,Apr,Jul,Oct",0,0,0,0,0,1,0,1,0,0
47,270.0,4.0,2013.0,1,14.0,2013.0,"Jan,Apr,Jul,Oct",0,0,0,1,0,0,0,0,0,1
48,1060.0,5.0,2012.0,0,0.0,0.0,0,0,0,0,1,0,0,0,1,0,0
49,18010.0,9.0,2007.0,0,0.0,0.0,0,0,0,0,0,0,0,1,0,0,1
50,6260.0,11.0,2009.0,0,0.0,0.0,0,0,0,0,0,0,0,1,1,0,0
51,10570.0,7.0,2013.0,1,9.0,2011.0,"Jan,Apr,Jul,Oct",0,0,0,1,0,0,0,0,0,1
52,450.0,4.0,2014.0,1,39.0,2010.0,"Jan,Apr,Jul,Oct",0,0,0,0,0,0,1,0,0,1
53,30360.0,9.0,2013.0,0,0.0,0.0,0,0,0,0,1,0,0,0,0,0,1
54,7170.0,8.0,2014.0,1,5.0,2013.0,"Feb,May,Aug,Nov",0,0,0,0,0,0,1,0,0,1
55,720.0,11.0,2004.0,0,0.0,0.0,0,0,0,0,1,0,0,0,1,0,0
56,6620.0,3.0,2012.0,1,10.0,2014.0,"Mar,Jun,Sept,Dec",0,0,0,0,0,0,1,0,0,1
57,420.0,6.0,2014.0,0,0.0,0.0,0,0,0,0,0,0,0,1,0,0,1
58,7340.0,5.0,2008.0,1,27.0,2012.0,"Jan,Apr,Jul,Oct",0,0,0,1,0,0,0,0,0,1
59,2840.0,6.0,2007.0,1,14.0,2011.0,"Jan,Apr,Jul,Oct",0,0,0,1,0,0,0,0,0,1
60,5540.0,10.0,2009.0,0,0.0,0.0,0,0,0,0,0,0,0,1,0,0,1
61,350.0,12.0,2007.0,1,1.0,2012.0,"Jan,Apr,Jul,Oct",0,0,0,1,0,0,0,0,0,1
62,2050.0,0.0,0.0,0,0.0,0.0,0,0,0,0,1,0,0,0,1,0,0
63,3700.0,6.0,2010.0,1,18.0,2010.0,"Feb,May,Aug,Nov",0,0,0,0,0,1,0,0,0,1
64,22560.0,0.0,0.0,1,14.0,2013.0,"Jan,Apr,Jul,Oct",0,0,0,0,0,0,1,0,0,1
65,13840.0,5.0,2010.0,1,1.0,2012.0,"Jan,Apr,Jul,Oct",0,0,0,1,0,0,0,0,0,1
66,7660.0,0.0,0.0,1,37.0,2009.0,"Jan,Apr,Jul,Oct",0,0,0,0,0,0,1,1,0,0
67,410.0,2.0,2006.0,0,0.0,0.0,0,0,0,0,1,0,0,0,0,0,1
68,250.0,0.0,0.0,1,35.0,2012.0,"Mar,Jun,Sept,Dec",0,0,0,1,0,0,0,0,0,1
69,1130.0,0.0,0.0,1,40.0,2011.0,"Jan,Apr,Jul,Oct",0,0,0,0,0,1,0,0,0,1
70,4840.0,0.0,0.0,0,0.0,0.0,0,0,0,0,0,0,1,0,0,0,1
71,17500.0,8.0,2008.0,1,37.0,2009.0,"Mar,Jun,Sept,Dec",0,0,0,1,0,0,0,1,0,0
72,2200.0,12.0,2009.0,1,13.0,2010.0,"Jan,Apr,Jul,Oct",0,0,0,1,0,0,0,1,0,0
73,1650.0,9.0,2008.0,0,0.0,0.0,0,0,0,0,1,0,0,0,0,0,1
74,330.0,0.0,0.0,0,0.0,0.0,0,0,0,0,1,0,0,0,1,0,0
75,22440.0,12.0,2013.0,0,0.0,0.0,0,0,0,0,0,0,0,1,0,0,1
76,19960.0,3.0,2006.0,0,0.0,0.0,0,0,0,0,0,0,0,1,0,0,1
77,1090.0,8.0,2009.0,1,10.0,2014.0,"Jan,Apr,Jul,Oct",0,0,0,0,0,0,1,0,0,1
78,3510.0,11.0,2006.0,1,5.0,2013.0,"Feb,May,Aug,Nov",0,0,0,1,0,0,0,1,0,0
79,3320.0,0.0,0.0,0,0.0,0.0,0,0,0,0,1,0,0,0,1,0,0
80,7910.0,0.0,0.0,0,0.0,0.0,0,0,0,0,0,0,0,1,1,0,0
81,2370.0,3.0,2011.0,1,40.0,2014.0,"Jan,Apr,Jul,Oct",0,0,0,1,0,0,0,1,0,0
82,22390.0,4.0,2008.0,1,37.0,2009.0,"Jan,Apr,Jul,Oct",0,0,0,1,0,0,0,1,0,0
83,2710.0,0.0,0.0,0,0.0,0.0,0,0,0,0,1,0,0,0,1,0,0
84,11810.0,8.0,2014.0,0,0.0,0.0,0,0,0,0,1,0,0,0,0,0,1
85,1870.0,10.0,2011.0,0,0.0,0.0,0,0,0,0,0,1,0,0,1,0,0
86,480.0,2.0,2005.0,1,31.0,2013.0,"Jan,Apr,Jul,Oct",0,0,0,1,0,0,0,1,0,0
87,560.0,12.0,2010.0,0,0.0,0.0,0,0,0,0,1,0,0,0,1,0,0
88,10690.0,10.0,2005.0,0,0.0,0.0,0,0,0,0,1,0,0,0,1,0,0
89,2380.0,7.0,2004.0,1,40.0,2014.0,"Jan,Apr,Jul,Oct",0,0,0,1,0,0,0,1,0,0
90,330.0,11.0,2007.0,0,0.0,0.0,0,0,0,0,1,0,0,0,1,0,0
91,2410.0,0.0,0.0,1,35.0,2011.0,"Jan,Apr,Jul,Oct",0,0,0,0,0,1,0,1,0,0
92,240.0,0.0,0.0,1,45.0,2009.0,"Feb,May,Aug,Nov",0,0,0,0,0,1,0,1,0,0
93,16690.0,0.0,0.0,1,14.0,2011.0,"Jan,Apr,Jul,Oct",0,0,0,1,0,0,0,1,0,0
94,14620.0,0.0,0.0,0,0.0,0.0,0,0,0,0,0,0,0,1,0,0,1
95,1890.0,10.0,2014.0,0,0.0,0.0,0,0,0,0,1,0,0,0,1,0,0
96,8780.0,2.0,2005.0,1,37.0,2009.0,"Jan,Apr,Jul,Oct",0,0,0,1,0,0,0,1,0,0
97,8980.0,0.0,0.0,0,0.0,0.0,0,0,0,0,0,0,0,1,0,0,1
98,15140.0,12.0,2006.0,1,1.0,2012.0,"Jan,Apr,Jul,Oct",0,0,0,0,0,0,1,0,0,1
99,2030.0,11.0,2003.0,1,22.0,2012.0,"Mar,Jun,Sept,Dec",0,0,0,0,0,1,0,0,0,1
100,17930.0,0.0,0.0,0,0.0,0.0,0,0,0,0,0,0,0,1,1,0,0
101,2440.0,0.0,0.0,1,22.0,2012.0,"Mar,Jun,Sept,Dec",0,0,0,0,0,0,1,0,0,1
102,150.0,12.0,2007.0,1,10.0,2014.0,"Mar,Jun,Sept,Dec",0,0,0,1,0,0,0,1,0,0
103,5210.0,5.0,2015.0,0,0.0,0.0,0,0,0,0,0,0,0,1,0,0,1
104,390.0,6.0,2009.0,0,0.0,0.0,0,0,0,0,1,0,0,0,1,0,0
105,6190.0,0.0,0.0,1,23.0,2013.0,"Mar,Jun,Sept,Dec",0,0,0,1,0,0,0,0,0,1
106,1390.0,8.0,2013.0,0,0.0,0.0,0,0,0,0,1,0,0,0,1,0,0
107,1930.0,9.0,2009.0,0,0.0,0.0,0,0,0,0,1,0,0,0,1,0,0
108,2190.0,9.0,2003.0,0,0.0,0.0,0,0,0,0,0,0,0,1,0,0,1
109,3300.0,11.0,2010.0,0,0.0,0.0,0,0,0,0,1,0,0,0,0,0,1
110,46590.0,4.0,2013.0,0,0.0,0.0,0,0,0,0,1,0,0,0,0,0,1
111,7890.0,0.0,0.0,1,37.0,2009.0,"Jan,Apr,Jul,Oct",0,0,0,0,0,0,1,0,0,1
112,1630.0,9.0,2009.0,0,0.0,0.0,0,0,0,0,1,0,0,0,1,0,0
113,20930.0,11.0,1999.0,0,0.0,0.0,0,0,0,0,0,0,0,1,0,0,1
114,4510.0,0.0,0.0,1,48.0,2011.0,"Mar,Jun,Sept,Dec",0,0,0,0,0,1,0,1,0,0
115,5740.0,4.0,2007.0,1,40.0,2014.0,"Jan,Apr,Jul,Oct",0,0,0,0,0,0,1,0,0,1
116,680.0,4.0,2013.0,0,0.0,0.0,0,0,0,0,1,0,0,0,1,0,0
117,3450.0,9.0,2011.0,0,0.0,0.0,0,0,0,0,1,0,0,0,1,0,0
118,3580.0,9.0,2012.0,0,0.0,0.0,0,0,0,0,0,0,0,1,0,0,1
119,2100.0,2.0,2010.0,0,0.0,0.0,0,0,0,0,1,0,0,0,0,0,1
120,2290.0,12.0,2014.0,1,37.0,2009.0,"Jan,Apr,Jul,Oct",0,0,0,0,0,0,1,1,0,0
121,3570.0,11.0,2009.0,1,36.0,2013.0,"Mar,Jun,Sept,Dec",0,0,0,1,0,0,0,1,0,0
122,58260.0,4.0,2013.0,0,0.0,0.0,0,0,0,0,1,0,0,0,0,0,1
123,16760.0,9.0,2011.0,0,0.0,0.0,0,0,0,0,1,0,0,0,1,0,0
124,1410.0,4.0,2003.0,0,0.0,0.0,0,0,0,0,1,0,0,0,1,0,0
125,760.0,12.0,2005.0,0,0.0,0.0,0,0,0,0,1,0,0,0,1,0,0
126,3370.0,10.0,2014.0,1,18.0,2011.0,"Feb,May,Aug,Nov",0,0,0,0,0,0,1,1,0,0
127,1350.0,12.0,2005.0,1,13.0,2010.0,"Jan,Apr,Jul,Oct",0,0,0,0,0,0,1,1,0,0
128,2000.0,0.0,0.0,1,1.0,2013.0,"Jan,Apr,Jul,Oct",0,0,0,0,0,0,1,0,0,1
129,2460.0,0.0,0.0,1,14.0,2011.0,"Jan,Apr,Jul,Oct",0,0,0,1,0,0,0,1,0,0
130,900.0,0.0,0.0,1,13.0,2010.0,"Jan,Apr,Jul,Oct",0,0,0,0,0,1,0,1,0,0
131,920.0,7.0,2015.0,0,0.0,0.0,0,0,0,0,0,0,1,0,1,0,0
132,1040.0,0.0,0.0,1,27.0,2012.0,"Jan,Apr,Jul,Oct",0,0,0,0,0,0,1,0,0,1
133,270.0,8.0,2013.0,1,10.0,2014.0,"Mar,Jun,Sept,Dec",0,0,0,1,0,0,0,1,0,0
134,1200.0,9.0,2008.0,0,0.0,0.0,0,0,0,0,1,0,0,0,1,0,0
135,5190.0,0.0,0.0,1,1.0,2013.0,"Jan,Apr,Jul,Oct",0,0,0,0,0,0,1,1,0,0
136,2200.0,12.0,2010.0,1,22.0,2012.0,"Feb,May,Aug,Nov",0,0,0,1,0,0,0,0,0,1
137,1730.0,7.0,2015.0,1,40.0,2014.0,"Jan,Apr,Jul,Oct",0,0,0,1,0,0,0,1,0,0
138,25360.0,10.0,2014.0,0,0.0,0.0,0,0,0,0,1,0,0,0,0,0,1
139,1700.0,1.0,2008.0,1,14.0,2011.0,"Jan,Apr,Jul,Oct",0,0,0,1,0,0,0,1,0,0
140,1090.0,7.0,2010.0,1,1.0,2013.0,"Jan,Apr,Jul,Oct",0,0,0,1,0,0,0,0,0,1
141,1540.0,0.0,0.0,1,22.0,2012.0,"Mar,Jun,Sept,Dec",0,0,0,0,0,1,0,0,0,1
142,1090.0,7.0,2002.0,0,0.0,0.0,0,0,0,0,1,0,0,0,1,0,0
143,2930.0,12.0,2002.0,0,0.0,0.0,0,0,0,0,0,0,0,1,1,0,0
144,16570.0,0.0,0.0,0,0.0,0.0,0,0,0,0,1,0,0,0,0,0,1
145,280.0,0.0,0.0,1,45.0,2009.0,"Feb,May,Aug,Nov",0,0,0,1,0,0,0,1,0,0
146,8050.0,10.0,1961.0,1,48.0,2012.0,"Jan,Apr,Jul,Oct",0,0,0,0,0,0,1,0,0,1
147,8540.0,0.0,0.0,0,0.0,0.0,0,0,0,0,0,0,0,1,0,0,1
148,2090.0,12.0,2008.0,0,0.0,0.0,0,0,0,0,1,0,0,0,1,0,0
149,2610.0,7.0,2006.0,1,14.0,2011.0,"Jan,Apr,Jul,Oct",0,0,0,0,0,0,1,1,0,0
150,31830.0,3.0,2010.0,0,0.0,0.0,0,0,0,0,0,0,1,0,0,0,1
151,4360.0,10.0,2005.0,0,0.0,0.0,0,0,0,0,0,0,0,1,0,0,1
152,1780.0,0.0,0.0,0,0.0,0.0,0,0,0,0,1,0,0,0,1,0,0
153,16240.0,10.0,2000.0,1,18.0,2011.0,"Feb,May,Aug,Nov",0,0,0,1,0,0,0,1,0,0
154,16420.0,0.0,0.0,0,0.0,0.0,0,0,0,0,0,0,0,1,0,0,1
155,3050.0,0.0,0.0,1,35.0,2010.0,"Jan,Apr,Jul,Oct",0,0,0,0,0,0,1,1,0,0
156,2020.0,2.0,2011.0,1,14.0,2011.0,"Mar,Jun,Sept,Dec",0,0,0,1,0,0,0,1,0,0
157,2950.0,10.0,2004.0,0,0.0,0.0,0,0,0,0,1,0,0,0,0,0,1
158,11840.0,0.0,0.0,1,31.0,2009.0,"Feb,May,Aug,Nov",0,0,0,0,0,0,1,0,0,1
159,8530.0,3.0,2013.0,0,0.0,0.0,0,0,0,0,0,0,0,1,1,0,0
160,17110.0,11.0,2005.0,0,0.0,0.0,0,0,0,0,0,0,0,1,0,0,1
161,2970.0,3.0,2005.0,0,0.0,0.0,0,0,0,0,1,0,0,0,0,0,1
162,5340.0,3.0,2012.0,1,13.0,2010.0,"Jan,Apr,Jul,Oct",0,0,0,0,0,0,1,0,0,1
163,1480.0,4.0,2009.0,0,0.0,0.0,0,0,0,0,1,0,0,0,1,0,0
164,1160.0,9.0,2005.0,1,13.0,2010.0,"Jan,Apr,Jul,Oct",0,0,0,1,0,0,0,1,0,0
165,3720.0,4.0,2005.0,1,13.0,2010.0,"Jan,Apr,Jul,Oct",0,0,0,1,0,0,0,1,0,0
166,100.0,4.0,2014.0,1,31.0,2013.0,"Jan,Apr,Jul,Oct",0,0,0,1,0,0,0,0,0,1
167,140.0,4.0,2008.0,0,0.0,0.0,0,0,0,0,1,0,0,0,1,0,0
168,12540.0,0.0,0.0,0,0.0,0.0,0,0,0,0,1,0,0,0,1,0,0
169,980.0,7.0,2014.0,1,18.0,2014.0,"Feb,May,Aug,Nov",0,0,0,0,0,0,1,1,0,0
170,1070.0,5.0,2015.0,1,14.0,2011.0,"Jan,Apr,Jul,Oct",0,0,0,1,0,0,0,1,0,0
171,2640.0,0.0,0.0,0,0.0,0.0,0,0,0,0,1,0,0,0,1,0,0
172,110.0,0.0,0.0,1,40.0,2014.0,"Jan,Apr,Jul,Oct",0,0,0,1,0,0,0,1,0,0
173,350.0,12.0,2012.0,0,0.0,0.0,0,0,0,0,1,0,0,0,1,0,0
174,13090.0,0.0,0.0,1,22.0,2012.0,"Jan,Apr,Jul,Oct",0,0,0,1,0,0,0,1,0,0
175,4130.0,0.0,0.0,0,0.0,0.0,0,0,0,0,0,0,1,0,1,0,0
176,3770.0,0.0,0.0,0,0.0,0.0,0,0,0,0,1,0,0,0,1,0,0
177,1250.0,2.0,2004.0,1,5.0,2013.0,"Feb,May,Aug,Nov",0,0,0,1,0,0,0,1,0,0
178,1710.0,0.0,0.0,0,0.0,0.0,0,0,0,0,0,0,0,1,1,0,0
179,480.0,0.0,0.0,0,0.0,0.0,0,0,0,0,1,0,0,0,0,0,1
180,5800.0,9.0,2010.0,0,0.0,0.0,0,0,0,0,0,0,0,1,1,0,0
181,12610.0,3.0,2013.0,1,14.0,2011.0,"Jan,Apr,Jul,Oct",0,0,0,1,0,0,0,1,0,0
182,1390.0,0.0,0.0,1,9.0,2011.0,"Mar,Jun,Sept,Dec",0,0,0,0,0,0,1,0,0,1
183,9670.0,0.0,0.0,0,0.0,0.0,0,0,0,0,1,0,0,0,1,0,0
184,3560.0,0.0,0.0,0,0.0,0.0,0,0,0,0,0,0,0,1,0,0,1
185,1860.0,5.0,2015.0,0,0.0,0.0,0,0,0,0,0,0,0,1,0,0,1
186,290.0,10.0,2011.0,1,40.0,2014.0,"Jan,Apr,Jul,Oct",0,0,0,1,0,0,0,1,0,0
187,19360.0,0.0,0.0,0,0.0,0.0,0,0,0,0,1,0,0,0,0,0,1
188,850.0,0.0,0.0,1,18.0,2011.0,"Feb,May,Aug,Nov",0,0,0,0,0,0,1,1,0,0
189,5760.0,7.0,2014.0,0,0.0,0.0,0,0,0,0,0,0,0,1,1,0,0
190,1470.0,12.0,2006.0,1,40.0,2014.0,"Jan,Apr,Jul,Oct",0,0,0,1,0,0,0,1,0,0
191,1100.0,8.0,2013.0,1,40.0,2014.0,"Jan,Apr,Jul,Oct",0,0,0,1,0,0,0,1,0,0
192,2770.0,3.0,2008.0,1,40.0,2014.0,"Jan,Apr,Jul,Oct",0,0,0,0,0,0,1,0,0,1
193,520.0,0.0,0.0,0,0.0,0.0,0,0,0,0,1,0,0,0,1,0,0
194,16970.0,0.0,0.0,1,5.0,2013.0,"Feb,May,Aug,Nov",0,0,0,0,0,0,1,0,0,1
195,220.0,0.0,0.0,0,0.0,0.0,0,0,0,0,1,0,0,0,0,0,1
196,3850.0,11.0,2005.0,1,14.0,2011.0,"Jan,Apr,Jul,Oct",0,0,0,0,0,1,0,1,0,0
197,4210.0,3.0,2015.0,0,0.0,0.0,0,0,0,0,0,0,1,0,1,0,0
198,290.0,9.0,2002.0,1,13.0,2010.0,"Jan,Apr,Jul,Oct",0,0,0,1,0,0,0,1,0,0
199,6360.0,12.0,2010.0,1,14.0,2012.0,"Mar,Jun,Sept,Dec",0,0,0,0,0,0,1,0,0,1
200,1650.0,10.0,2000.0,0,0.0,0.0,0,0,0,0,1,0,0,0,1,0,0
201,20260.0,0.0,0.0,1,18.0,2014.0,"Mar,Jun,Sept,Dec",0,0,0,0,0,0,1,1,0,0
202,5140.0,5.0,2010.0,0,0.0,0.0,0,0,0,0,0,0,0,1,0,0,1
203,490.0,11.0,2002.0,0,0.0,0.0,0,0,0,0,0,0,1,0,0,0,1
204,5630.0,12.0,2002.0,1,40.0,2014.0,"Jan,Apr,Jul,Oct",0,0,0,1,0,0,0,1,0,0
205,110.0,12.0,2007.0,0,0.0,0.0,0,0,0,0,1,0,0,0,1,0,0
206,380.0,0.0,0.0,1,14.0,2012.0,"Jan,Apr,Jul,Oct",0,0,0,1,0,0,0,0,0,1
207,6870.0,0.0,0.0,0,0.0,0.0,0,0,0,0,1,0,0,0,1,0,0
208,300.0,4.0,2006.0,0,0.0,0.0,0,0,0,0,0,0,1,0,1,0,0
209,11680.0,9.0,2011.0,1,31.0,2013.0,"Jan,Apr,Jul,Oct",0,0,0,1,0,0,0,0,0,1
210,970.0,11.0,1999.0,1,5.0,2013.0,"Feb,May,Aug,Nov",0,0,0,0,0,0,1,1,0,0
211,350.0,11.0,2006.0,0,0.0,0.0,0,0,0,0,1,0,0,0,0,0,1
212,15050.0,9.0,2008.0,0,0.0,0.0,0,0,0,0,1,0,0,0,0,0,1
213,4030.0,3.0,2014.0,1,1.0,2014.0,"Jan,Apr,Jul,Oct",0,0,0,0,0,0,1,0,0,1
214,8650.0,7.0,2013.0,1,10.0,2014.0,"Jan,Apr,Jul,Oct",0,0,0,0,0,0,1,1,0,0
215,150.0,0.0,0.0,1,45.0,2009.0,"Feb,May,Aug,Nov",0,0,0,0,0,0,1,1,0,0
216,190.0,0.0,0.0,1,45.0,2009.0,"Feb,May,Aug,Nov",0,0,0,0,0,1,0,1,0,0
217,3150.0,0.0,0.0,0,0.0,0.0,0,0,0,0,0,0,1,0,1,0,0
218,640.0,0.0,0.0,1,9.0,2011.0,"Mar,Jun,Sept,Dec",0,0,0,1,0,0,0,0,0,1
219,1640.0,2.0,2013.0,0,0.0,0.0,0,0,0,0,1,0,0,0,1,0,0
220,1000.0,9.0,2008.0,0,0.0,0.0,0,0,0,0,1,0,0,0,1,0,0
221,13530.0,9.0,2013.0,0,0.0,0.0,0,0,0,0,0,0,0,1,0,0,1
222,2170.0,11.0,2008.0,0,0.0,0.0,0,0,0,0,1,0,0,0,1,0,0
223,2920.0,10.0,1995.0,1,27.0,2011.0,"Jan,Apr,Jul,Oct",0,0,0,0,0,0,1,0,0,1
224,7930.0,0.0,0.0,1,1.0,2013.0,"Jan,Apr,Jul,Oct",0,0,0,0,0,0,1,0,0,1
225,10180.0,5.0,2015.0,0,0.0,0.0,0,0,0,0,0,0,0,1,1,0,0
226,450.0,0.0,0.0,0,0.0,0.0,0,0,0,0,1,0,0,0,1,0,0
227,2370.0,0.0,0.0,0,0.0,0.0,0,0,0,0,1,0,0,0,1,0,0
228,10800.0,0.0,0.0,1,18.0,2011.0,"Feb,May,Aug,Nov",0,0,0,0,0,0,1,0,0,1
229,17410.0,4.0,2007.0,1,14.0,2011.0,"Jan,Apr,Jul,Oct",0,0,0,0,0,0,1,0,0,1
230,6680.0,9.0,2013.0,0,0.0,0.0,0,0,0,0,0,0,0,1,0,0,1
231,3840.0,10.0,2008.0,1,39.0,2010.0,"Feb,May,Aug,Nov",0,0,0,0,0,0,1,0,0,1
232,13570.0,5.0,2010.0,1,10.0,2013.0,"Mar,Jun,Sept,Dec",0,0,0,0,0,1,0,0,0,1
233,1890.0,0.0,0.0,0,0.0,0.0,0,0,0,0,1,0,0,0,1,0,0
234,4370.0,0.0,0.0,0,0.0,0.0,0,0,0,0,0,0,0,1,1,0,0
235,5710.0,3.0,2012.0,1,37.0,2009.0,"Jan,Apr,Jul,Oct",0,0,0,1,0,0,0,1,0,0
236,1000.0,11.0,2007.0,0,0.0,0.0,0,0,0,0,1,0,0,0,1,0,0
237,1420.0,11.0,2007.0,0,0.0,0.0,0,0,0,0,1,0,0,0,1,0,0
238,320.0,0.0,0.0,1,45.0,2009.0,"Feb,May,Aug,Nov",0,0,0,1,0,0,0,1,0,0
239,610.0,0.0,0.0,0,0.0,0.0,0,0,0,0,0,0,0,1,0,0,1
240,1110.0,5.0,2009.0,0,0.0,0.0,0,0,0,0,1,0,0,0,1,0,0
241,780.0,0.0,0.0,0,0.0,0.0,0,0,0,0,0,0,0,1,0,0,1
242,6880.0,9.0,2001.0,1,14.0,2011.0,"Jan,Apr,Jul,Oct",0,0,0,0,0,0,1,1,0,0
243,310.0,0.0,0.0,1,5.0,2013.0,"Feb,May,Aug,Nov",0,0,0,1,0,0,0,1,0,0
244,710.0,3.0,2012.0,1,1.0,2012.0,"Jan,Apr,Jul,Oct",0,0,0,0,0,0,1,1,0,0
245,1310.0,0.0,0.0,0,0.0,0.0,0,0,0,0,1,0,0,0,0,0,1
246,4660.0,4.0,2013.0,0,0.0,0.0,0,0,0,0,0,0,1,0,1,0,0
247,70.0,11.0,2010.0,1,5.0,2013.0,"Feb,May,Aug,Nov",0,0,0,0,0,0,1,0,0,1
248,340.0,9.0,2012.0,1,40.0,2012.0,"Jan,Apr,Jul,Oct",0,0,0,1,0,0,0,0,0,1
249,18010.0,9.0,2014.0,0,0.0,0.0,0,0,0,0,0,0,0,1,0,0,1
250,3520.0,0.0,0.0,1,18.0,2012.0,"Feb,May,Aug,Nov",0,0,0,0,0,0,1,1,0,0
251,340.0,0.0,0.0,0,0.0,0.0,0,0,0,0,1,0,0,0,0,0,1
252,22330.0,0.0,0.0,1,5.0,2010.0,"Feb,May,Aug,Nov",0,0,0,0,0,0,1,0,0,1
253,250.0,0.0,0.0,1,5.0,2013.0,"Feb,May,Aug,Nov",0,0,0,1,0,0,0,0,0,1
254,330.0,3.0,2008.0,1,1.0,2012.0,"Mar,Jun,Sept,Dec",0,0,0,0,0,0,1,1,0,0
255,4630.0,3.0,2011.0,1,35.0,2011.0,"Feb,May,Aug,Nov",0,0,0,0,0,1,0,0,0,1
256,80.0,9.0,2005.0,1,10.0,2014.0,"Mar,Jun,Sept,Dec",0,0,0,1,0,0,0,0,0,1
257,420.0,12.0,2012.0,0,0.0,0.0,0,0,0,0,1,0,0,0,1,0,0
258,27190.0,7.0,2010.0,1,37.0,2009.0,"Jan,Apr,Jul,Oct",0,0,0,1,0,0,0,1,0,0
259,210.0,0.0,0.0,0,0.0,0.0,0,0,0,0,0,1,0,0,0,1,0
260,540.0,10.0,2011.0,0,0.0,0.0,0,0,0,0,1,0,0,0,1,0,0
261,15340.0,4.0,2015.0,1,39.0,2009.0,"Jan,Apr,Jul,Oct",0,0,0,0,0,0,1,0,0,1
262,1180.0,5.0,2013.0,0,0.0,0.0,0,0,0,0,0,1,0,0,1,0,0
263,1140.0,5.0,2013.0,1,40.0,2014.0,"Jan,Apr,Jul,Oct",0,0,0,1,0,0,0,0,0,1
264,180.0,3.0,2014.0,0,0.0,0.0,0,0,0,0,1,0,0,0,1,0,0
265,4580.0,0.0,0.0,1,14.0,2015.0,"Jan,Apr,Jul,Oct",0,0,0,1,0,0,0,1,0,0
266,360.0,3.0,2014.0,1,9.0,2011.0,"Mar,Jun,Sept,Dec",0,0,0,1,0,0,0,0,0,1
267,2460.0,1.0,2012.0,0,0.0,0.0,0,0,0,0,0,0,1,0,1,0,0
268,4520.0,2.0,2014.0,0,0.0,0.0,0,0,0,0,1,0,0,0,1,0,0
269,60.0,6.0,2015.0,0,0.0,0.0,0,0,0,0,1,0,0,0,0,0,1
270,1450.0,7.0,2014.0,0,0.0,0.0,0,0,0,0,1,0,0,0,1,0,0
271,420.0,0.0,0.0,1,14.0,2011.0,"Jan,Apr,Jul,Oct",0,0,0,1,0,0,0,1,0,0
272,16180.0,7.0,2003.0,1,14.0,2011.0,"Jan,Apr,Jul,Oct",0,0,0,1,0,0,0,1,0,0
273,8480.0,0.0,0.0,0,0.0,0.0,0,0,0,0,1,0,0,0,0,0,1
274,3640.0,0.0,0.0,1,10.0,2013.0,"Jan,Apr,Jul,Oct",0,0,0,0,1,0,0,0,1,0
275,300.0,5.0,2014.0,1,40.0,2014.0,"Jan,Apr,Jul,Oct",0,0,0,0,0,0,1,1,0,0
276,2960.0,10.0,2014.0,1,36.0,2013.0,"Mar,Jun,Sept,Dec",0,0,0,1,0,0,0,1,0,0
277,7840.0,0.0,0.0,1,31.0,2009.0,"Feb,May,Aug,Nov",0,0,0,0,0,0,1,0,0,1
278,9260.0,2.0,2010.0,0,0.0,0.0,0,0,0,0,1,0,0,0,0,0,1
279,2320.0,0.0,0.0,1,40.0,2012.0,"Jan,Apr,Jul,Oct",0,0,0,0,0,0,1,0,0,1
280,18640.0,9.0,2013.0,1,10.0,2014.0,"Mar,Jun,Sept,Dec",0,0,0,0,0,0,1,0,0,1
281,6970.0,9.0,2011.0,0,0.0,0.0,0,0,0,0,0,0,0,1,0,0,1
282,1220.0,12.0,2010.0,0,0.0,0.0,0,0,0,0,1,0,0,0,1,0,0
283,2260.0,0.0,0.0,1,40.0,2014.0,"Jan,Apr,Jul,Oct",0,0,0,1,0,0,0,1,0,0
284,1290.0,0.0,0.0,1,40.0,2014.0,"Jan,Apr,Jul,Oct",0,0,0,0,0,0,1,1,0,0
285,2410.0,0.0,0.0,0,0.0,0.0,0,0,0,0,1,0,0,0,1,0,0
286,1460.0,4.0,2015.0,0,0.0,0.0,0,0,0,0,1,0,0,0,1,0,0
287,2740.0,5.0,2009.0,1,40.0,2014.0,"Jan,Apr,Jul,Oct",0,0,0,0,0,1,0,1,0,0
288,800.0,0.0,0.0,1,14.0,2011.0,"Mar,Jun,Sept,Dec",0,0,0,0,0,0,1,1,0,0
289,6540.0,12.0,2007.0,0,0.0,0.0,0,0,0,0,0,0,0,1,1,0,0
290,4150.0,5.0,2001.0,0,0.0,0.0,0,0,0,0,1,0,0,0,1,0,0
291,0.0,0.0,0.0,0,0.0,0.0,0,0,0,0,0,0,0,1,1,0,0
292,1100.0,6.0,2009.0,0,0.0,0.0,0,0,0,0,1,0,0,0,1,0,0
293,140.0,11.0,2007.0,0,0.0,0.0,0,0,0,0,0,0,1,0,0,0,1
294,3150.0,5.0,2005.0,0,0.0,0.0,0,0,0,0,1,0,0,0,1,0,0
295,210.0,11.0,2000.0,1,36.0,2013.0,"Mar,Jun,Sept,Dec",0,0,0,1,0,0,0,1,0,0
296,9580.0,5.0,2007.0,1,45.0,2014.0,"Feb,May,Aug,Nov",0,0,0,1,0,0,0,1,0,0
297,2300.0,9.0,2010.0,0,0.0,0.0,0,0,0,0,1,0,0,0,1,0,0
298,19840.0,7.0,2009.0,0,0.0,0.0,0,0,0,0,0,0,0,1,1,0,0
299,38630.0,9.0,2012.0,0,0.0,0.0,0,0,0,0,0,0,0,1,0,0,1
300,120.0,4.0,2009.0,1,1.0,2012.0,"Jan,Apr,Jul,Oct",0,0,0,1,0,0,0,0,0,1
301,4510.0,3.0,2015.0,0,0.0,0.0,0,0,0,0,1,0,0,0,0,0,1
302,2190.0,12.0,2007.0,1,9.0,2011.0,"Mar,Jun,Sept,Dec",0,0,0,0,0,0,1,0,0,1
303,15430.0,11.0,2012.0,1,18.0,2011.0,"Feb,May,Aug,Nov",0,0,0,1,0,0,0,1,0,0
304,1950.0,7.0,2015.0,0,0.0,0.0,0,0,0,0,1,0,0,0,1,0,0
305,2470.0,2.0,2005.0,1,31.0,2013.0,"Mar,Jun,Sept,Dec",0,0,0,0,0,1,0,0,0,1
306,5100.0,4.0,2007.0,1,40.0,2014.0,"Jan,Apr,Jul,Oct",0,0,0,1,0,0,0,1,0,0
307,18660.0,9.0,2002.0,0,0.0,0.0,0,0,0,0,1,0,0,0,1,0,0
308,1070.0,12.0,2006.0,1,13.0,2010.0,"Jan,Apr,Jul,Oct",0,0,0,1,0,0,0,1,0,0
309,8740.0,0.0,0.0,1,37.0,2009.0,"Feb,May,Aug,Nov",0,0,0,0,0,0,1,1,0,0
310,2290.0,0.0,0.0,1,10.0,2014.0,"Mar,Jun,Sept,Dec",0,0,0,1,0,0,0,0,0,1
311,680.0,7.0,2005.0,0,0.0,0.0,0,0,0,0,1,0,0,0,0,0,1
312,11300.0,3.0,2012.0,0,0.0,0.0,0,0,0,0,0,0,0,1,1,0,0
313,14160.0,0.0,0.0,0,0.0,0.0,0,0,0,0,0,0,0,1,0,0,1
314,3560.0,10.0,2001.0,1,31.0,2013.0,"Feb,May,Aug,Nov",0,0,0,1,0,0,0,1,0,0
315,38710.0,4.0,2013.0,0,0.0,0.0,0,0,0,0,1,0,0,0,0,0,1
316,9000.0,8.0,2001.0,0,0.0,0.0,0,0,0,0,0,0,0,1,1,0,0
317,3140.0,7.0,2013.0,1,14.0,2011.0,"Jan,Apr,Jul,Oct",0,0,0,0,0,0,1,1,0,0
318,32330.0,3.0,2014.0,0,0.0,0.0,0,0,0,0,0,0,0,1,0,0,1
319,570.0,9.0,2012.0,1,27.0,2012.0,"Mar,Jun,Sept,Dec",0,0,0,1,0,0,0,0,0,1
320,210.0,9.0,2012.0,0,0.0,0.0,0,0,0,0,1,0,0,0,0,0,1
321,8140.0,11.0,2013.0,1,10.0,2014.0,"Mar,Jun,Sept,Dec",0,0,0,0,0,1,0,0,0,1
322,17500.0,4.0,2001.0,1,37.0,2009.0,"Jan,Apr,Jul,Oct",0,0,0,1,0,0,0,1,0,0
323,8400.0,4.0,2012.0,1,5.0,2013.0,"Feb,May,Aug,Nov",0,0,0,0,0,0,1,0,0,1
324,13140.0,0.0,0.0,1,14.0,2011.0,"Jan,Apr,Jul,Oct",0,0,0,1,0,0,0,1,0,0
325,350.0,3.0,2011.0,1,22.0,2011.0,"Feb,May,Aug,Nov",0,0,0,1,0,0,0,0,0,1
326,10070.0,5.0,2015.0,1,31.0,2013.0,"Feb,May,Aug,Nov",0,0,0,0,0,0,1,1,0,0
327,1390.0,12.0,2004.0,0,0.0,0.0,0,0,0,0,0,0,1,0,0,0,1
328,3130.0,7.0,2002.0,0,0.0,0.0,0,0,0,0,1,0,0,0,1,0,0
329,1310.0,6.0,1990.0,1,22.0,2012.0,"Mar,Jun,Sept,Dec",0,0,0,1,0,0,0,1,0,0
330,370.0,0.0,0.0,1,22.0,2012.0,"Mar,Jun,Sept,Dec",0,0,0,1,0,0,0,0,0,1
331,670.0,0.0,0.0,1,14.0,2015.0,"Jan,Apr,Jul,Oct",0,0,0,1,0,0,0,0,0,1
332,1840.0,3.0,2006.0,0,0.0,0.0,0,0,0,0,1,0,0,0,1,0,0
333,3720.0,2.0,2010.0,0,0.0,0.0,0,0,0,0,1,0,0,0,0,0,1
334,4040.0,8.0,2008.0,1,18.0,2013.0,"Mar,Jun,Sept,Dec",0,0,0,0,0,0,1,0,0,1
335,90.0,0.0,0.0,1,31.0,2013.0,"Jan,Apr,Jul,Oct",0,0,0,0,1,0,0,1,0,0
336,190.0,7.0,2014.0,0,0.0,0.0,0,0,0,0,1,0,0,0,1,0,0
337,10600.0,7.0,2005.0,1,45.0,2014.0,"Feb,May,Aug,Nov",0,0,0,0,0,0,1,0,0,1
338,1590.0,0.0,0.0,1,37.0,2009.0,"Jan,Apr,Jul,Oct",0,0,0,1,0,0,0,0,0,1
339,2280.0,0.0,0.0,1,10.0,2013.0,"Mar,Jun,Sept,Dec",0,0,0,1,0,0,0,0,0,1
340,8080.0,0.0,0.0,0,0.0,0.0,0,0,0,0,1,0,0,0,0,0,1
341,190.0,9.0,2011.0,0,0.0,0.0,0,0,0,0,1,0,0,0,1,0,0
342,15770.0,0.0,0.0,1,40.0,2014.0,"Jan,Apr,Jul,Oct",0,0,0,0,0,0,1,0,0,1
343,18650.0,4.0,2004.0,1,14.0,2014.0,"Jan,Apr,Jul,Oct",0,0,0,0,0,0,1,1,0,0
344,300.0,4.0,2011.0,1,14.0,2011.0,"Jan,Apr,Jul,Oct",0,0,0,1,0,0,0,0,0,1
345,120.0,0.0,0.0,1,22.0,2012.0,"Jan,Apr,Jul,Oct",0,0,0,1,0,0,0,1,0,0
346,8090.0,0.0,0.0,0,0.0,0.0,0,0,0,0,1,0,0,0,0,0,1
347,9360.0,7.0,2013.0,1,22.0,2012.0,"Mar,Jun,Sept,Dec",0,0,0,0,0,0,1,0,0,1
348,16490.0,0.0,0.0,1,22.0,2012.0,"Jan,Apr,Jul,Oct",0,0,0,1,0,0,0,1,0,0
349,1490.0,4.0,2009.0,0,0.0,0.0,0,0,0,0,0,0,1,0,0,0,1
350,8880.0,0.0,0.0,1,14.0,2011.0,"Jan,Apr,Jul,Oct",0,0,0,0,0,0,1,1,0,0
351,5290.0,11.0,2012.0,1,5.0,2013.0,"Feb,May,Aug,Nov",0,0,0,1,0,0,0,1,0,0
352,6360.0,0.0,0.0,1,40.0,2012.0,"Mar,Jun,Sept,Dec",0,0,0,0,0,0,1,0,0,1
353,900.0,0.0,0.0,1,14.0,2013.0,"Feb,May,Aug,Nov",0,0,0,0,1,0,0,0,1,0
354,1500.0,10.0,2005.0,0,0.0,0.0,0,0,0,0,0,0,0,1,0,0,1
355,9720.0,8.0,2013.0,0,0.0,0.0,0,0,0,0,1,0,0,0,0,0,1
356,8970.0,12.0,2007.0,1,22.0,2012.0,"Feb,May,Aug,Nov",0,0,0,0,0,0,1,0,0,1
357,2060.0,10.0,2008.0,0,0.0,0.0,0,0,0,0,1,0,0,0,1,0,0
358,2890.0,10.0,2003.0,0,0.0,0.0,0,0,0,0,1,0,0,0,1,0,0
359,4370.0,0.0,0.0,0,0.0,0.0,0,0,0,0,0,0,0,1,0,0,1
360,2040.0,6.0,2007.0,0,0.0,0.0,0,0,0,0,1,0,0,0,1,0,0
361,4490.0,5.0,2014.0,1,5.0,2013.0,"Feb,May,Aug,Nov",0,0,0,0,0,1,0,0,0,1
362,340.0,0.0,0.0,0,0.0,0.0,0,0,0,0,0,0,1,0,0,0,1
363,250.0,9.0,2009.0,0,0.0,0.0,0,0,0,0,1,0,0,0,1,0,0
364,13620.0,0.0,0.0,1,10.0,2014.0,"Mar,Jun,Sept,Dec",0,0,0,1,0,0,0,0,0,1
365,2410.0,0.0,0.0,1,45.0,2009.0,"Feb,May,Aug,Nov",0,0,0,0,0,1,0,1,0,0
366,6470.0,12.0,2004.0,0,0.0,0.0,0,0,0,0,0,0,0,1,0,0,1
367,2640.0,9.0,2012.0,0,0.0,0.0,0,0,0,0,0,0,0,1,0,0,1
368,1450.0,4.0,2005.0,1,45.0,2009.0,"Feb,May,Aug,Nov",0,0,0,0,0,0,1,0,0,1
369,5870.0,4.0,2014.0,0,0.0,0.0,0,0,0,0,0,0,0,1,0,0,1
370,8250.0,10.0,2000.0,1,31.0,2009.0,"Jan,Apr,Jul,Oct",0,0,0,0,0,0,1,1,0,0
371,1970.0,7.0,2009.0,1,45.0,2014.0,"Feb,May,Aug,Nov",0,0,0,0,0,0,1,0,0,1
372,4880.0,8.0,2010.0,1,18.0,2014.0,"Jan,Apr,Jul,Oct",0,0,0,0,0,0,1,0,0,1
373,11120.0,0.0,0.0,1,22.0,2012.0,"Jan,Apr,Jul,Oct",0,0,0,0,0,0,1,0,0,1
374,1150.0,9.0,2007.0,0,0.0,0.0,0,0,0,0,1,0,0,0,1,0,0
375,15710.0,2.0,2013.0,1,37.0,2009.0,"Jan,Apr,Jul,Oct",0,0,0,1,0,0,0,0,0,1
376,160.0,8.0,2012.0,0,0.0,0.0,0,0,0,0,1,0,0,0,1,0,0
377,100.0,6.0,2010.0,1,18.0,2010.0,"Feb,May,Aug,Nov",0,0,0,1,0,0,0,0,0,1
378,2140.0,8.0,2012.0,0,0.0,0.0,0,0,0,0,1,0,0,0,0,0,1
379,6630.0,0.0,0.0,0,0.0,0.0,0,0,0,0,0,0,0,1,1,0,0
380,2240.0,5.0,2013.0,1,10.0,2014.0,"Mar,Jun,Sept,Dec",0,0,0,1,0,0,0,1,0,0
381,1800.0,11.0,2006.0,1,5.0,2013.0,"Feb,May,Aug,Nov",0,0,0,1,0,0,0,1,0,0
382,26130.0,11.0,2002.0,0,0.0,0.0,0,0,0,0,0,0,1,0,0,0,1
383,350.0,0.0,0.0,0,0.0,0.0,0,0,0,0,1,0,0,0,0,0,1
384,130.0,0.0,0.0,1,14.0,2011.0,"Jan,Apr,Jul,Oct",0,0,0,1,0,0,0,0,0,1
385,4580.0,9.0,2007.0,0,0.0,0.0,0,0,0,0,0,0,0,1,1,0,0
386,1460.0,4.0,2014.0,1,31.0,2013.0,"Jan,Apr,Jul,Oct",0,0,0,0,0,0,1,0,0,1
387,210.0,0.0,0.0,1,36.0,2013.0,"Mar,Jun,Sept,Dec",0,0,0,0,0,1,0,1,0,0
388,2260.0,0.0,0.0,0,0.0,0.0,0,0,0,0,1,0,0,0,1,0,0
389,6690.0,8.0,2011.0,0,0.0,0.0,0,0,0,0,1,0,0,0,0,0,1
390,1600.0,4.0,2009.0,0,0.0,0.0,0,0,0,0,1,0,0,0,0,0,1
391,460.0,11.0,2014.0,1,31.0,2013.0,"Feb,May,Aug,Nov",0,0,0,1,0,0,0,1,0,0
392,2120.0,0.0,0.0,0,0.0,0.0,0,0,0,0,1,0,0,0,1,0,0
393,4820.0,3.0,2008.0,0,0.0,0.0,0,0,0,0,0,0,0,1,0,0,1
394,10850.0,0.0,0.0,0,0.0,0.0,0,0,0,0,0,0,0,1,1,0,0
395,3620.0,2.0,2013.0,0,0.0,0.0,0,0,0,0,1,0,0,0,1,0,0
396,23130.0,0.0,0.0,0,0.0,0.0,0,0,0,0,1,0,0,0,0,0,1
397,130.0,0.0,0.0,1,27.0,2013.0,"Feb,May,Aug,Nov",0,0,0,1,0,0,0,0,0,1
398,1540.0,0.0,0.0,1,1.0,2012.0,"Jan,Apr,Jul,Oct",0,0,0,0,0,1,0,0,0,1
399,5360.0,9.0,2012.0,1,40.0,2011.0,"Jan,Apr,Jul,Oct",0,0,0,1,0,0,0,1,0,0
400,70.0,11.0,2004.0,1,14.0,2011.0,"Jan,Apr,Jul,Oct",0,0,0,1,0,0,0,1,0,0
401,9200.0,10.0,2009.0,1,14.0,2012.0,"Jan,Apr,Jul,Oct",0,0,0,1,0,0,0,0,0,1
402,5830.0,9.0,2011.0,1,13.0,2010.0,"Jan,Apr,Jul,Oct",0,0,0,0,0,1,0,0,0,1
403,4970.0,7.0,2015.0,0,0.0,0.0,0,0,0,0,1,0,0,0,1,0,0
404,1420.0,0.0,0.0,1,10.0,2013.0,"Mar,Jun,Sept,Dec",0,0,0,1,0,0,0,0,0,1
405,1080.0,4.0,2008.0,1,14.0,2011.0,"Jan,Apr,Jul,Oct",0,0,0,1,0,0,0,1,0,0
406,8240.0,3.0,2001.0,1,10.0,2013.0,"Feb,May,Aug,Nov",0,0,0,0,0,0,1,0,0,1
407,5890.0,10.0,2003.0,1,14.0,2011.0,"Feb,May,Aug,Nov",0,0,0,1,0,0,0,1,0,0
408,1560.0,0.0,0.0,1,45.0,2009.0,"Feb,May,Aug,Nov",0,0,0,0,0,1,0,1,0,0
409,840.0,0.0,0.0,1,1.0,2013.0,"Jan,Apr,Jul,Oct",0,0,0,0,0,0,1,0,0,1
410,40.0,11.0,2011.0,1,22.0,2012.0,"Mar,Jun,Sept,Dec",0,0,0,0,0,1,0,1,0,0
411,8460.0,0.0,0.0,0,0.0,0.0,0,0,0,0,0,0,0,1,0,0,1
412,4460.0,0.0,0.0,1,39.0,2010.0,"Jan,Apr,Jul,Oct",0,0,0,0,0,0,1,0,0,1
413,760.0,9.0,2014.0,0,0.0,0.0,0,0,0,0,1,0,0,0,0,0,1
414,6210.0,0.0,0.0,1,1.0,2013.0,"Jan,Apr,Jul,Oct",0,0,0,0,0,0,1,0,0,1
415,6910.0,4.0,2005.0,0,0.0,0.0,0,0,0,0,0,0,0,1,0,0,1
416,4650.0,6.0,2014.0,0,0.0,0.0,0,0,0,0,1,0,0,0,0,0,1
417,840.0,0.0,0.0,1,10.0,2014.0,"Jan,Apr,Jul,Oct",0,0,0,1,0,0,0,0,0,1
418,1060.0,5.0,2009.0,1,27.0,2011.0,"Feb,May,Aug,Nov",0,0,0,1,0,0,0,1,0,0
419,1620.0,9.0,2009.0,0,0.0,0.0,0,0,0,0,0,0,1,0,1,0,0
420,250.0,0.0,0.0,1,27.0,2012.0,"Jan,Apr,Jul,Oct",0,0,0,0,0,0,1,0,0,1
421,3530.0,6.0,2012.0,1,35.0,2012.0,"Mar,Jun,Sept,Dec",0,0,0,0,0,1,0,0,0,1
422,2880.0,0.0,0.0,0,0.0,0.0,0,0,0,0,1,0,0,0,0,0,1
423,1270.0,5.0,2014.0,0,0.0,0.0,0,0,0,0,0,1,0,0,1,0,0
424,1250.0,0.0,0.0,1,40.0,2011.0,"Jan,Apr,Jul,Oct",0,0,0,0,0,0,1,0,0,1
425,1460.0,0.0,0.0,0,0.0,0.0,0,0,0,0,0,0,0,1,0,0,1
426,250.0,0.0,0.0,0,0.0,0.0,0,0,0,0,1,0,0,0,1,0,0
427,70.0,7.0,2005.0,1,13.0,2010.0,"Jan,Apr,Jul,Oct",0,0,0,1,0,0,0,0,0,1
428,2960.0,12.0,2014.0,1,23.0,2015.0,"Mar,Jun,Sept,Dec",0,0,0,0,0,0,1,1,0,0
429,16350.0,7.0,2005.0,1,31.0,2013.0,"Jan,Apr,Jul,Oct",0,0,0,0,0,0,1,0,0,1
430,12870.0,10.0,2008.0,0,0.0,0.0,0,0,0,0,0,0,0,1,0,0,1
431,4520.0,0.0,0.0,0,0.0,0.0,0,0,0,0,0,0,0,1,0,0,1
432,810.0,5.0,2013.0,0,0.0,0.0,0,0,0,0,1,0,0,0,1,0,0
433,30030.0,11.0,2010.0,0,0.0,0.0,0,0,0,0,1,0,0,0,0,0,1
434,13020.0,8.0,2003.0,1,40.0,2014.0,"Jan,Apr,Jul,Oct",0,0,0,1,0,0,0,1,0,0
435,910.0,0.0,0.0,0,0.0,0.0,0,0,0,0,1,0,0,0,1,0,0
436,2300.0,0.0,0.0,0,0.0,0.0,0,0,0,0,0,0,0,1,1,0,0
437,430.0,0.0,0.0,1,50.0,2010.0,"Jan,Apr,Jul,Oct",0,0,0,0,0,1,0,0,0,1
438,1110.0,0.0,0.0,1,40.0,2012.0,"Jan,Apr,Jul,Oct",0,0,0,0,0,0,1,0,0,1
439,1350.0,9.0,2009.0,0,0.0,0.0,0,0,0,0,1,0,0,0,1,0,0
440,3900.0,4.0,2005.0,1,45.0,2009.0,"Feb,May,Aug,Nov",0,0,0,0,0,0,1,1,0,0
441,2530.0,0.0,0.0,0,0.0,0.0,0,0,0,0,0,0,0,1,1,0,0
442,500.0,0.0,0.0,1,45.0,2009.0,"Feb,May,Aug,Nov",0,0,0,0,0,1,0,1,0,0
443,11400.0,12.0,2005.0,0,0.0,0.0,0,0,0,0,0,0,0,1,1,0,0
444,1700.0,11.0,2009.0,0,0.0,0.0,0,0,0,0,0,0,1,0,1,0,0
445,240.0,0.0,0.0,0,0.0,0.0,0,0,0,0,1,0,0,0,1,0,0
446,340.0,10.0,2000.0,1,31.0,2013.0,"Feb,May,Aug,Nov",0,0,0,1,0,0,0,1,0,0
447,1510.0,9.0,2013.0,0,0.0,0.0,0,0,0,0,1,0,0,0,0,0,1
448,3970.0,9.0,2009.0,0,0.0,0.0,0,0,0,0,1,0,0,0,0,0,1
449,120.0,12.0,2014.0,1,37.0,2009.0,"Jan,Apr,Jul,Oct",0,0,0,1,0,0,0,0,0,1
450,5780.0,11.0,1994.0,1,10.0,2014.0,"Mar,Jun,Sept,Dec",0,0,0,0,0,1,0,1,0,0
451,2460.0,4.0,2009.0,1,13.0,2010.0,"Jan,Apr,Jul,Oct",0,0,0,1,0,0,0,1,0,0
452,1850.0,8.0,2013.0,1,5.0,2011.0,"Feb,May,Aug,Nov",0,0,0,1,0,0,0,0,0,1
453,75860.0,0.0,0.0,0,0.0,0.0,0,0,0,0,1,0,0,0,0,0,1
454,26450.0,0.0,0.0,0,0.0,0.0,0,0,0,0,1,0,0,0,1,0,0
455,7660.0,9.0,2010.0,0,0.0,0.0,0,0,0,0,0,0,0,1,0,0,1
456,140.0,0.0,0.0,0,0.0,0.0,0,0,0,0,1,0,0,0,0,0,1
457,13140.0,0.0,0.0,1,31.0,2013.0,"Jan,Apr,Jul,Oct",0,0,0,0,0,0,1,0,0,1
458,3390.0,0.0,0.0,0,0.0,0.0,0,0,0,0,0,0,1,0,1,0,0
459,250.0,9.0,2008.0,1,5.0,2013.0,"Feb,May,Aug,Nov",0,0,0,1,0,0,0,1,0,0
460,34050.0,4.0,2008.0,0,0.0,0.0,0,0,0,0,1,0,0,0,1,0,0
461,1790.0,7.0,2013.0,1,40.0,2013.0,"Jan,Apr,Jul,Oct",0,0,0,0,0,0,1,0,0,1
462,44320.0,8.0,2008.0,0,0.0,0.0,0,0,0,0,1,0,0,0,1,0,0
463,4160.0,0.0,0.0,0,0.0,0.0,0,0,0,0,1,0,0,0,1,0,0
464,520.0,3.0,2009.0,0,0.0,0.0,0,0,0,0,0,0,1,0,1,0,0
465,10890.0,4.0,2005.0,0,0.0,0.0,0,0,0,0,0,0,0,1,0,0,1
466,3110.0,3.0,2003.0,0,0.0,0.0,0,0,0,0,1,0,0,0,0,0,1
467,20390.0,4.0,2008.0,0,0.0,0.0,0,0,0,0,1,0,0,0,0,0,1
468,5260.0,9.0,2012.0,0,0.0,0.0,0,0,0,0,0,0,1,0,0,0,1
469,710.0,9.0,2005.0,0,0.0,0.0,0,0,0,0,0,0,1,0,0,0,1
470,50.0,0.0,0.0,0,0.0,0.0,0,0,0,0,1,0,0,0,0,0,1
471,5300.0,0.0,0.0,1,45.0,2009.0,"Feb,May,Aug,Nov",0,0,0,0,0,0,1,1,0,0
472,5030.0,8.0,2011.0,0,0.0,0.0,0,0,0,0,0,0,1,0,0,0,1
473,50.0,0.0,0.0,0,0.0,0.0,0,0,0,0,1,0,0,0,1,0,0
474,14810.0,0.0,0.0,1,14.0,2011.0,"Mar,Jun,Sept,Dec",0,0,0,0,0,1,0,1,0,0
475,140.0,9.0,2005.0,0,0.0,0.0,0,0,0,0,1,0,0,0,1,0,0
476,8300.0,9.0,2006.0,0,0.0,0.0,0,0,0,0,0,0,0,1,1,0,0
477,770.0,7.0,2010.0,1,35.0,2010.0,"Jan,Apr,Jul,Oct",0,0,0,0,0,0,1,1,0,0
478,1940.0,3.0,2012.0,0,0.0,0.0,0,0,0,0,0,0,0,1,0,0,1
479,320.0,12.0,2005.0,1,9.0,2011.0,"Feb,May,Aug,Nov",0,0,0,1,0,0,0,1,0,0
480,300.0,11.0,2012.0,0,0.0,0.0,0,0,0,0,1,0,0,0,1,0,0
481,7470.0,0.0,0.0,1,44.0,2012.0,"Feb,May,Aug,Nov",0,0,0,0,0,1,0,0,0,1
482,2550.0,10.0,2005.0,0,0.0,0.0,0,0,0,0,0,0,1,0,1,0,0
483,2310.0,9.0,2011.0,1,13.0,2010.0,"Jan,Apr,Jul,Oct",0,0,0,1,0,0,0,0,0,1
484,14300.0,3.0,2011.0,0,0.0,0.0,0,0,0,0,1,0,0,0,0,0,1
485,3270.0,0.0,0.0,1,22.0,2012.0,"Jan,Apr,Jul,Oct",0,0,0,0,0,0,1,0,0,1
486,2320.0,0.0,0.0,1,31.0,2013.0,"Jan,Apr,Jul,Oct",0,0,0,1,0,0,0,1,0,0
487,2180.0,9.0,2012.0,1,40.0,2012.0,"Jan,Apr,Jul,Oct",0,0,0,0,0,0,1,0,0,1
488,2890.0,4.0,2014.0,0,0.0,0.0,0,0,0,0,1,0,0,0,0,0,1
489,14960.0,11.0,2013.0,1,37.0,2009.0,"Jan,Apr,Jul,Oct",0,0,0,1,0,0,0,1,0,0
490,660.0,4.0,2013.0,1,40.0,2014.0,"Jan,Apr,Jul,Oct",0,0,0,1,0,0,0,1,0,0
491,4680.0,0.0,0.0,1,22.0,2012.0,"Mar,Jun,Sept,Dec",0,0,0,0,0,0,1,0,0,1
492,1740.0,3.0,2008.0,1,40.0,2012.0,"Jan,Apr,Jul,Oct",0,0,0,1,0,0,0,1,0,0
493,1150.0,0.0,0.0,1,14.0,2011.0,"Jan,Apr,Jul,Oct",0,0,0,0,0,0,1,0,0,1
494,1260.0,6.0,2011.0,0,0.0,0.0,0,0,0,0,0,1,0,0,1,0,0
495,5470.0,0.0,0.0,1,37.0,2009.0,"Jan,Apr,Jul,Oct",0,0,0,0,0,0,1,1,0,0
496,2780.0,6.0,2015.0,0,0.0,0.0,0,0,0,0,0,0,0,1,0,0,1
497,1610.0,0.0,0.0,0,0.0,0.0,0,0,0,0,1,0,0,0,0,0,1
498,990.0,0.0,0.0,1,40.0,2014.0,"Jan,Apr,Jul,Oct",0,0,0,1,0,0,0,1,0,0
499,450.0,0.0,0.0,1,5.0,2013.0,"Feb,May,Aug,Nov",0,0,0,0,0,1,0,0,0,1
500,10690.0,9.0,2007.0,1,5.0,2013.0,"Jan,Apr,Jul,Oct",0,0,0,0,0,0,1,0,0,1
501,1620.0,9.0,2006.0,0,0.0,0.0,0,0,0,0,1,0,0,0,0,0,1
502,220.0,2.0,2002.0,1,37.0,2009.0,"Jan,Apr,Jul,Oct",0,0,0,1,0,0,0,1,0,0
503,13080.0,9.0,2006.0,1,14.0,2011.0,"Jan,Apr,Jul,Oct",0,0,0,0,0,0,1,0,0,1
504,820.0,0.0,0.0,0,0.0,0.0,0,0,0,0,0,0,1,0,0,0,1
505,350.0,0.0,0.0,1,5.0,2013.0,"Feb,May,Aug,Nov",0,0,0,1,0,0,0,1,0,0
506,1850.0,12.0,2014.0,1,18.0,2011.0,"Feb,May,Aug,Nov",0,0,0,1,0,0,0,1,0,0
507,9070.0,4.0,2011.0,1,37.0,2009.0,"Jan,Apr,Jul,Oct",0,0,0,1,0,0,0,0,0,1
508,1280.0,0.0,0.0,1,40.0,2011.0,"Jan,Apr,Jul,Oct",0,0,0,1,0,0,0,0,0,1
509,4740.0,7.0,2008.0,1,37.0,2009.0,"Jan,Apr,Jul,Oct",0,0,0,1,0,0,0,1,0,0
510,8260.0,0.0,0.0,0,0.0,0.0,0,0,0,0,1,0,0,0,0,0,1
511,2060.0,9.0,2009.0,0,0.0,0.0,0,0,0,0,1,0,0,0,1,0,0
512,590.0,0.0,0.0,1,5.0,2013.0,"Mar,Jun,Sept,Dec",0,0,0,0,1,0,0,0,1,0
513,400.0,8.0,2013.0,0,0.0,0.0,0,0,0,0,1,0,0,0,1,0,0
514,1200.0,7.0,2012.0,1,27.0,2012.0,"Jan,Apr,Jul,Oct",0,0,0,0,0,1,0,0,0,1
515,11260.0,0.0,0.0,1,9.0,2011.0,"Feb,May,Aug,Nov",0,0,0,0,0,0,1,0,0,1
516,20.0,0.0,0.0,1,35.0,2010.0,"Mar,Jun,Sept,Dec",0,0,0,1,0,0,0,0,0,1
517,22490.0,0.0,0.0,0,0.0,0.0,0,0,0,0,1,0,0,0,0,0,1
518,3330.0,3.0,2015.0,1,13.0,2010.0,"Jan,Apr,Jul,Oct",0,0,0,0,0,0,1,0,0,1
519,2510.0,8.0,2009.0,1,1.0,2012.0,"Jan,Apr,Jul,Oct",0,0,0,0,0,1,0,0,0,1
520,6900.0,0.0,0.0,1,40.0,2012.0,"Mar,Jun,Sept,Dec",0,0,0,1,0,0,0,0,0,1
521,18610.0,11.0,2002.0,1,48.0,2011.0,"Mar,Jun,Sept,Dec",0,0,0,0,0,0,1,1,0,0
522,7160.0,11.0,2012.0,1,9.0,2011.0,"Jan,Apr,Jul,Oct",0,0,0,0,0,0,1,0,0,1
523,50.0,11.0,2013.0,0,0.0,0.0,0,0,0,0,0,0,1,0,0,0,1
524,40860.0,9.0,2013.0,0,0.0,0.0,0,0,0,0,1,0,0,0,0,0,1
525,1870.0,9.0,2013.0,0,0.0,0.0,0,0,0,0,0,0,0,1,0,0,1
526,120.0,0.0,0.0,1,48.0,2011.0,"Mar,Jun,Sept,Dec",0,0,0,1,0,0,0,1,0,0
527,5830.0,4.0,2008.0,0,0.0,0.0,0,0,0,0,0,0,0,1,0,0,1
528,20620.0,0.0,0.0,1,37.0,2009.0,"Jan,Apr,Jul,Oct",0,0,0,1,0,0,0,0,0,1
529,12920.0,9.0,2012.0,0,0.0,0.0,0,0,0,0,0,0,0,1,0,0,1
530,18160.0,0.0,0.0,0,0.0,0.0,0,0,0,0,1,0,0,0,0,0,1
531,4030.0,0.0,0.0,0,0.0,0.0,0,0,0,0,1,0,0,0,0,0,1
532,1070.0,8.0,2010.0,0,0.0,0.0,0,0,0,0,1,0,0,0,0,0,1
533,5950.0,0.0,0.0,0,0.0,0.0,0,0,0,0,1,0,0,0,0,0,1
534,1200.0,9.0,2009.0,1,45.0,2009.0,"Jan,Apr,Jul,Oct",0,0,0,0,0,0,1,1,0,0
535,3570.0,4.0,2007.0,0,0.0,0.0,0,0,0,0,1,0,0,0,1,0,0
536,4700.0,9.0,2002.0,1,31.0,2013.0,"Feb,May,Aug,Nov",0,0,0,1,0,0,0,0,0,1
537,600.0,5.0,2002.0,1,1.0,2012.0,"Jan,Apr,Jul,Oct",0,0,0,1,0,0,0,1,0,0
538,990.0,2.0,2010.0,0,0.0,0.0,0,0,0,0,1,0,0,0,1,0,0
539,770.0,5.0,2013.0,1,40.0,2014.0,"Jan,Apr,Jul,Oct",0,0,0,1,0,0,0,1,0,0
540,810.0,0.0,0.0,1,48.0,2012.0,"Jan,Apr,Jul,Oct",0,0,0,0,0,0,1,0,0,1
541,650.0,7.0,1990.0,0,0.0,0.0,0,0,0,0,1,0,0,0,0,0,1
542,7280.0,9.0,2012.0,1,1.0,2013.0,"Jan,Apr,Jul,Oct",0,0,0,1,0,0,0,1,0,0
543,1080.0,12.0,2012.0,0,0.0,0.0,0,0,0,0,0,0,1,0,1,0,0
544,250.0,12.0,2001.0,1,13.0,2010.0,"Jan,Apr,Jul,Oct",0,0,0,1,0,0,0,1,0,0
545,5020.0,5.0,2006.0,1,18.0,2014.0,"Feb,May,Aug,Nov",0,0,0,1,0,0,0,0,0,1
546,580.0,1.0,2005.0,0,0.0,0.0,0,0,0,0,1,0,0,0,1,0,0
547,8990.0,11.0,2009.0,1,35.0,2010.0,"Mar,Jun,Sept,Dec",0,0,0,0,0,0,1,0,0,1
548,3760.0,2.0,2009.0,0,0.0,0.0,0,0,0,0,0,0,0,1,0,0,1
549,2330.0,0.0,0.0,0,0.0,0.0,0,0,0,0,1,0,0,0,0,0,1
550,50.0,6.0,2015.0,0,0.0,0.0,0,0,0,0,0,0,0,1,0,0,1
551,2190.0,9.0,2013.0,0,0.0,0.0,0,0,0,0,1,0,0,0,0,0,1
552,4260.0,7.0,2008.0,1,37.0,2009.0,"Jan,Apr,Jul,Oct",0,0,0,1,0,0,0,1,0,0
553,3040.0,9.0,2002.0,1,13.0,2010.0,"Jan,Apr,Jul,Oct",0,0,0,0,0,1,0,1,0,0
554,1200.0,0.0,0.0,0,0.0,0.0,0,0,0,0,0,0,1,0,0,0,1
555,1560.0,1.0,2014.0,1,10.0,2013.0,"Mar,Jun,Sept,Dec",0,0,0,0,0,0,1,1,0,0
556,1140.0,11.0,2014.0,0,0.0,0.0,0,0,0,0,0,0,0,1,0,0,1
557,250.0,0.0,0.0,0,0.0,0.0,0,0,0,0,1,0,0,0,1,0,0
558,3000.0,2.0,2010.0,0,0.0,0.0,0,0,0,0,1,0,0,0,1,0,0
559,3910.0,11.0,2006.0,1,5.0,2013.0,"Feb,May,Aug,Nov",0,0,0,0,0,0,1,1,0,0
560,1910.0,7.0,2013.0,0,0.0,0.0,0,0,0,0,0,0,1,0,0,0,1
561,14300.0,0.0,0.0,0,0.0,0.0,0,0,0,0,0,0,0,1,1,0,0
562,1210.0,0.0,0.0,0,0.0,0.0,0,0,0,0,0,1,0,0,0,0,1
563,700.0,3.0,2015.0,1,10.0,2014.0,"Jan,Apr,Jul,Oct",0,0,0,1,0,0,0,1,0,0
564,6540.0,0.0,0.0,1,14.0,2013.0,"Jan,Apr,Jul,Oct",0,0,0,0,0,0,1,0,0,1
565,160.0,7.0,2007.0,0,0.0,0.0,0,0,0,0,1,0,0,0,0,0,1
566,3620.0,0.0,0.0,1,40.0,2013.0,"Jan,Apr,Jul,Oct",0,0,0,1,0,0,0,1,0,0
567,1010.0,9.0,2012.0,1,18.0,2011.0,"Feb,May,Aug,Nov",0,0,0,0,0,1,0,1,0,0
568,4270.0,0.0,0.0,1,1.0,2013.0,"Jan,Apr,Jul,Oct",0,0,0,0,0,0,1,0,0,1
569,1340.0,9.0,2006.0,0,0.0,0.0,0,0,0,0,1,0,0,0,1,0,0
570,180.0,11.0,2006.0,0,0.0,0.0,0,0,0,0,1,0,0,0,1,0,0
571,2110.0,11.0,1995.0,1,40.0,2014.0,"Jan,Apr,Jul,Oct",0,0,0,0,0,0,1,1,0,0
572,9230.0,4.0,2004.0,1,37.0,2009.0,"Jan,Apr,Jul,Oct",0,0,0,0,0,0,1,0,0,1
573,1190.0,11.0,2012.0,1,36.0,2013.0,"Jan,Apr,Jul,Oct",0,0,0,1,0,0,0,1,0,0
574,4400.0,0.0,0.0,0,0.0,0.0,0,0,0,0,0,0,0,1,1,0,0
575,960.0,5.0,2008.0,1,13.0,2010.0,"Jan,Apr,Jul,Oct",0,0,0,1,0,0,0,1,0,0
576,50.0,11.0,2006.0,0,0.0,0.0,0,0,0,0,0,0,1,0,1,0,0
577,2270.0,0.0,0.0,1,35.0,2012.0,"Mar,Jun,Sept,Dec",0,0,0,1,0,0,0,0,0,1
578,12700.0,4.0,2013.0,0,0.0,0.0,0,0,0,0,0,0,0,1,1,0,0
579,20970.0,11.0,2012.0,0,0.0,0.0,0,0,0,0,0,0,1,0,1,0,0
580,170.0,2.0,2009.0,0,0.0,0.0,0,0,0,0,1,0,0,0,0,0,1
581,7250.0,12.0,2013.0,0,0.0,0.0,0,0,0,0,1,0,0,0,1,0,0
582,120.0,0.0,0.0,0,0.0,0.0,0,0,0,0,1,0,0,0,1,0,0
583,2640.0,11.0,2002.0,0,0.0,0.0,0,0,0,0,1,0,0,0,1,0,0
584,1360.0,0.0,0.0,1,35.0,2010.0,"Mar,Jun,Sept,Dec",0,0,0,0,0,0,1,1,0,0
585,440.0,4.0,2014.0,0,0.0,0.0,0,0,0,0,0,0,0,1,0,0,1
586,250.0,10.0,2008.0,0,0.0,0.0,0,0,0,0,1,0,0,0,0,0,1
587,330.0,9.0,2006.0,1,14.0,2011.0,"Jan,Apr,Jul,Oct",0,0,0,0,0,0,1,0,0,1
588,15720.0,3.0,2010.0,0,0.0,0.0,0,0,0,0,0,0,0,1,0,0,1
589,360.0,0.0,0.0,1,18.0,2013.0,"Feb,May,Aug,Nov",0,0,0,1,0,0,0,0,0,1
590,4520.0,9.0,2010.0,1,31.0,2013.0,"Jan,Apr,Jul,Oct",0,0,0,0,0,0,1,0,0,1
591,3340.0,0.0,0.0,1,22.0,2012.0,"Mar,Jun,Sept,Dec",0,0,0,1,0,0,0,0,0,1
592,2540.0,6.0,2005.0,0,0.0,0.0,0,0,0,0,1,0,0,0,1,0,0
593,33060.0,3.0,2010.0,0,0.0,0.0,0,0,0,0,1,0,0,0,0,0,1
594,1790.0,10.0,2011.0,0,0.0,0.0,0,0,0,0,1,0,0,0,1,0,0
595,1130.0,6.0,2015.0,0,0.0,0.0,0,0,0,0,0,0,1,0,0,0,1
596,290.0,9.0,2006.0,0,0.0,0.0,0,0,0,0,0,0,1,0,1,0,0
597,150.0,9.0,2008.0,1,1.0,2012.0,"Mar,Jun,Sept,Dec",0,0,0,1,0,0,0,1,0,0
598,550.0,12.0,2013.0,1,40.0,2014.0,"Jan,Apr,Jul,Oct",0,0,0,0,0,1,0,1,0,0
599,580.0,11.0,2014.0,0,0.0,0.0,0,0,0,0,0,0,0,1,0,0,1
600,17340.0,6.0,2010.0,1,9.0,2011.0,"Feb,May,Aug,Nov",0,0,0,0,0,0,1,0,0,1
601,8220.0,4.0,2014.0,1,14.0,2011.0,"Jan,Apr,Jul,Oct",0,0,0,0,0,0,1,1,0,0
602,2710.0,7.0,2001.0,1,22.0,2012.0,"Mar,Jun,Sept,Dec",0,0,0,1,0,0,0,1,0,0
603,340.0,4.0,2007.0,1,13.0,2010.0,"Jan,Apr,Jul,Oct",0,0,0,1,0,0,0,1,0,0
604,10950.0,3.0,2014.0,0,0.0,0.0,0,0,0,0,0,0,0,1,1,0,0
605,10310.0,4.0,2003.0,1,37.0,2009.0,"Jan,Apr,Jul,Oct",0,0,0,0,0,0,1,1,0,0
606,2260.0,11.0,2007.0,0,0.0,0.0,0,0,0,0,1,0,0,0,1,0,0
607,350.0,8.0,1999.0,1,14.0,2011.0,"Jan,Apr,Jul,Oct",0,0,0,1,0,0,0,1,0,0
608,18370.0,2.0,2013.0,1,14.0,2011.0,"Jan,Apr,Jul,Oct",0,0,0,1,0,0,0,0,0,1
609,2070.0,9.0,2007.0,0,0.0,0.0,0,0,0,0,1,0,0,0,1,0,0
610,660.0,1.0,2007.0,0,0.0,0.0,0,0,0,0,1,0,0,0,1,0,0
611,8080.0,12.0,2002.0,1,40.0,2014.0,"Jan,Apr,Jul,Oct",0,0,0,1,0,0,0,1,0,0
612,2490.0,11.0,2012.0,1,31.0,2009.0,"Jan,Apr,Jul,Oct",0,0,0,0,0,0,1,0,0,1
613,250.0,6.0,2007.0,1,14.0,2011.0,"Jan,Apr,Jul,Oct",0,0,0,0,0,1,0,1,0,0
614,1160.0,12.0,2012.0,0,0.0,0.0,0,0,0,0,1,0,0,0,1,0,0
615,730.0,8.0,2007.0,0,0.0,0.0,0,0,0,0,0,0,0,1,1,0,0
616,3040.0,8.0,2011.0,1,35.0,2010.0,"Mar,Jun,Sept,Dec",0,0,0,1,0,0,0,0,0,1
617,8940.0,0.0,0.0,1,9.0,2011.0,"Jan,Apr,Jul,Oct",0,0,0,1,0,0,0,0,0,1
618,9910.0,0.0,0.0,0,0.0,0.0,0,0,0,0,0,0,0,1,0,0,1
619,1600.0,6.0,2006.0,1,45.0,2009.0,"Feb,May,Aug,Nov",0,0,0,1,0,0,0,1,0,0
620,5440.0,0.0,0.0,1,40.0,2014.0,"Jan,Apr,Jul,Oct",0,0,0,0,0,0,1,0,0,1
621,30.0,7.0,2002.0,0,0.0,0.0,0,0,0,0,1,0,0,0,1,0,0
622,0.0,0.0,0.0,0,0.0,0.0,0,0,0,0,1,0,0,0,0,0,1
623,4080.0,3.0,2011.0,1,13.0,2010.0,"Jan,Apr,Jul,Oct",0,0,0,1,0,0,0,1,0,0
624,6920.0,9.0,2011.0,0,0.0,0.0,0,0,0,0,1,0,0,0,0,0,1
625,1170.0,4.0,2011.0,1,22.0,2012.0,"Feb,May,Aug,Nov",0,0,0,1,0,0,0,1,0,0
626,10740.0,11.0,2013.0,0,0.0,0.0,0,0,0,0,0,0,1,0,0,0,1
627,3970.0,3.0,2010.0,0,0.0,0.0,0,0,0,0,0,0,1,0,0,0,1
628,2180.0,0.0,0.0,0,0.0,0.0,0,0,0,0,1,0,0,0,0,0,1
629,510.0,7.0,2014.0,1,23.0,2015.0,"Mar,Jun,Sept,Dec",0,0,0,0,0,0,1,1,0,0
630,1690.0,4.0,2015.0,0,0.0,0.0,0,0,0,0,1,0,0,0,1,0,0
631,2870.0,0.0,0.0,1,35.0,2012.0,"Mar,Jun,Sept,Dec",0,0,0,0,0,0,1,0,0,1
632,3350.0,2.0,2010.0,0,0.0,0.0,0,0,0,0,1,0,0,0,1,0,0
633,11640.0,4.0,2005.0,1,22.0,2011.0,"Jan,Apr,Jul,Oct",0,0,0,0,0,0,1,1,0,0
634,18610.0,0.0,0.0,0,0.0,0.0,0,0,0,0,0,0,0,1,1,0,0
635,27530.0,4.0,2014.0,0,0.0,0.0,0,0,0,0,1,0,0,0,1,0,0
636,720.0,10.0,2004.0,1,13.0,2010.0,"Jan,Apr,Jul,Oct",0,0,0,0,0,1,0,1,0,0
637,9790.0,0.0,0.0,1,31.0,2009.0,"Feb,May,Aug,Nov",0,0,0,0,0,0,1,0,0,1
638,10170.0,11.0,2001.0,0,0.0,0.0,0,0,0,0,0,0,0,1,1,0,0
639,7780.0,11.0,2006.0,0,0.0,0.0,0,0,0,0,1,0,0,0,1,0,0
640,8040.0,0.0,0.0,0,0.0,0.0,0,0,0,0,0,0,0,1,0,0,1
641,610.0,12.0,2003.0,1,36.0,2013.0,"Mar,Jun,Sept,Dec",0,0,0,1,0,0,0,0,0,1
642,530.0,4.0,2005.0,1,35.0,2010.0,"Mar,Jun,Sept,Dec",0,0,0,0,0,1,0,0,0,1
643,230.0,6.0,2010.0,1,18.0,2010.0,"Feb,May,Aug,Nov",0,0,0,1,0,0,0,1,0,0
644,4030.0,12.0,2004.0,1,14.0,2011.0,"Jan,Apr,Jul,Oct",0,0,0,0,0,1,0,1,0,0
645,90.0,0.0,0.0,1,45.0,2009.0,"Feb,May,Aug,Nov",0,0,0,1,0,0,0,1,0,0
646,620.0,9.0,2014.0,0,0.0,0.0,0,0,0,0,1,0,0,0,1,0,0
647,7420.0,4.0,2013.0,0,0.0,0.0,0,0,0,0,1,0,0,0,0,0,1
648,2130.0,12.0,2008.0,0,0.0,0.0,0,0,0,0,0,0,0,1,1,0,0
649,14570.0,11.0,2002.0,0,0.0,0.0,0,0,0,0,1,0,0,0,1,0,0
650,1420.0,10.0,2012.0,1,40.0,2014.0,"Jan,Apr,Jul,Oct",0,0,0,1,0,0,0,1,0,0
651,200.0,0.0,0.0,0,0.0,0.0,0,0,0,0,1,0,0,0,1,0,0
652,20390.0,0.0,0.0,0,0.0,0.0,0,0,0,0,1,0,0,0,1,0,0
653,7520.0,7.0,2014.0,1,45.0,2009.0,"Feb,May,Aug,Nov",0,0,0,0,0,0,1,0,0,1
654,6930.0,9.0,2006.0,0,0.0,0.0,0,0,0,0,0,0,1,0,1,0,0
655,960.0,11.0,2012.0,1,5.0,2013.0,"Feb,May,Aug,Nov",0,0,0,0,0,0,1,0,0,1
656,410.0,4.0,2009.0,1,13.0,2010.0,"Jan,Apr,Jul,Oct",0,0,0,0,0,0,1,1,0,0
657,80.0,1.0,2006.0,1,10.0,2014.0,"Jan,Apr,Jul,Oct",0,0,0,0,0,1,0,0,0,1
658,520.0,0.0,0.0,1,37.0,2009.0,"Jan,Apr,Jul,Oct",0,0,0,0,0,0,1,0,0,1
659,1590.0,3.0,2012.0,0,0.0,0.0,0,0,0,0,0,0,0,1,1,0,0
660,1200.0,11.0,2006.0,1,40.0,2014.0,"Jan,Apr,Jul,Oct",0,0,0,1,0,0,0,1,0,0
661,2140.0,7.0,2013.0,0,0.0,0.0,0,0,0,0,0,0,0,1,0,0,1
662,1070.0,0.0,0.0,0,0.0,0.0,0,0,0,0,0,0,0,1,1,0,0
663,7860.0,5.0,2005.0,0,0.0,0.0,0,0,0,0,1,0,0,0,0,0,1
664,1680.0,10.0,2005.0,0,0.0,0.0,0,0,0,0,0,0,0,1,0,0,1
665,90.0,12.0,2012.0,1,14.0,2011.0,"Jan,Apr,Jul,Oct",0,0,0,1,0,0,0,1,0,0
666,2700.0,0.0,0.0,1,9.0,2011.0,"Mar,Jun,Sept,Dec",0,0,0,0,0,1,0,0,0,1
667,2870.0,9.0,2012.0,0,0.0,0.0,0,0,0,0,0,0,0,1,0,0,1
668,1270.0,9.0,2010.0,0,0.0,0.0,0,0,0,0,0,0,1,0,1,0,0
669,17080.0,7.0,2012.0,1,31.0,2013.0,"Jan,Apr,Jul,Oct",0,0,0,0,0,0,1,1,0,0
670,2060.0,0.0,0.0,1,45.0,2009.0,"Feb,May,Aug,Nov",0,0,0,1,0,0,0,1,0,0
671,2070.0,2.0,2008.0,1,39.0,2010.0,"Jan,Apr,Jul,Oct",0,0,0,1,0,0,0,0,0,1
672,240.0,9.0,2002.0,0,0.0,0.0,0,0,0,0,0,0,1,0,1,0,0
673,15170.0,0.0,0.0,1,5.0,2013.0,"Feb,May,Aug,Nov",0,0,0,0,0,0,1,0,0,1
674,2640.0,12.0,2005.0,1,31.0,2013.0,"Feb,May,Aug,Nov",0,0,0,1,0,0,0,1,0,0
675,2100.0,8.0,2013.0,1,14.0,2011.0,"Jan,Apr,Jul,Oct",0,0,0,1,0,0,0,1,0,0
676,1410.0,9.0,2008.0,0,0.0,0.0,0,0,0,0,0,1,0,0,0,1,0
677,1740.0,6.0,2014.0,1,45.0,2009.0,"Feb,May,Aug,Nov",0,0,0,0,0,0,1,1,0,0
678,3250.0,0.0,0.0,1,40.0,2011.0,"Jan,Apr,Jul,Oct",0,0,0,0,0,1,0,1,0,0
679,4140.0,9.0,2012.0,0,0.0,0.0,0,0,0,0,1,0,0,0,1,0,0
680,170.0,0.0,0.0,1,35.0,2012.0,"Mar,Jun,Sept,Dec",0,0,0,0,0,1,0,1,0,0
681,620.0,0.0,0.0,1,1.0,2014.0,"Mar,Jun,Sept,Dec",0,0,0,1,0,0,0,0,0,1
682,150.0,9.0,2006.0,0,0.0,0.0,0,0,0,0,0,1,0,0,1,0,0
683,2850.0,7.0,2014.0,0,0.0,0.0,0,0,0,0,1,0,0,0,1,0,0
684,680.0,0.0,0.0,1,22.0,2012.0,"Jan,Apr,Jul,Oct",0,0,0,0,0,0,1,0,0,1
685,650.0,11.0,2013.0,1,37.0,2009.0,"Jan,Apr,Jul,Oct",0,0,0,1,0,0,0,1,0,0
686,20050.0,4.0,2002.0,0,0.0,0.0,0,0,0,0,1,0,0,0,1,0,0
687,2770.0,0.0,0.0,0,0.0,0.0,0,0,0,0,0,0,0,1,0,0,1
688,18760.0,8.0,2015.0,1,14.0,2011.0,"Jan,Apr,Jul,Oct",0,0,0,1,0,0,0,1,0,0
689,15040.0,10.0,2004.0,0,0.0,0.0,0,0,0,0,0,0,0,1,1,0,0
690,100.0,0.0,0.0,0,0.0,0.0,0,0,0,0,1,0,0,0,1,0,0
691,3030.0,0.0,0.0,1,37.0,2009.0,"Jan,Apr,Jul,Oct",0,0,0,0,0,0,1,0,0,1
692,40.0,8.0,2001.0,0,0.0,0.0,0,0,0,0,1,0,0,0,1,0,0
693,450.0,0.0,0.0,1,40.0,2011.0,"Jan,Apr,Jul,Oct",0,0,0,0,0,0,1,1,0,0
694,460.0,11.0,2012.0,1,40.0,2014.0,"Jan,Apr,Jul,Oct",0,0,0,1,0,0,0,0,0,1
695,550.0,7.0,2011.0,1,1.0,2012.0,"Jan,Apr,Jul,Oct",0,0,0,1,0,0,0,1,0,0
696,430.0,0.0,0.0,0,0.0,0.0,0,0,0,0,1,0,0,0,0,0,1
697,3780.0,0.0,0.0,1,40.0,2011.0,"Jan,Apr,Jul,Oct",0,0,0,0,0,0,1,1,0,0
698,1790.0,5.0,2011.0,0,0.0,0.0,0,0,0,0,1,0,0,0,1,0,0
699,180.0,0.0,0.0,1,5.0,2013.0,"Jan,Apr,Jul,Oct",0,0,0,1,0,0,0,1,0,0
700,830.0,0.0,0.0,1,27.0,2013.0,"Jan,Apr,Jul,Oct",0,0,0,1,0,0,0,0,0,1
701,1450.0,3.0,2012.0,1,14.0,2011.0,"Jan,Apr,Jul,Oct",0,0,0,0,0,0,1,1,0,0
702,8550.0,9.0,2001.0,1,45.0,2009.0,"Feb,May,Aug,Nov",0,0,0,1,0,0,0,1,0,0
703,80.0,6.0,2005.0,0,0.0,0.0,0,0,0,0,1,0,0,0,1,0,0
704,1910.0,4.0,2009.0,0,0.0,0.0,0,0,0,0,0,0,0,1,0,0,1
705,4140.0,9.0,2012.0,1,18.0,2011.0,"Feb,May,Aug,Nov",0,0,0,1,0,0,0,1,0,0
706,7830.0,9.0,2014.0,1,10.0,2014.0,"Mar,Jun,Sept,Dec",0,0,0,0,0,0,1,1,0,0
707,2900.0,7.0,1990.0,0,0.0,0.0,0,0,0,0,1,0,0,0,0,0,1
708,11470.0,10.0,2009.0,1,18.0,2014.0,"Jan,Apr,Jul,Oct",0,0,0,0,0,1,0,0,0,1
709,500.0,12.0,2010.0,0,0.0,0.0,0,0,0,0,1,0,0,0,1,0,0
710,1500.0,9.0,2008.0,1,14.0,2011.0,"Jan,Apr,Jul,Oct",0,0,0,0,0,0,1,1,0,0
711,17110.0,3.0,2007.0,1,5.0,2010.0,"Jan,Apr,Jul,Oct",0,0,0,0,0,0,1,1,0,0
712,4870.0,9.0,2007.0,1,45.0,2009.0,"Jan,Apr,Jul,Oct",0,0,0,1,0,0,0,1,0,0
713,220.0,0.0,0.0,1,10.0,2014.0,"Jan,Apr,Jul,Oct",0,0,0,1,0,0,0,0,0,1
714,12070.0,10.0,2005.0,1,10.0,2013.0,"Jan,Apr,Jul,Oct",0,0,0,0,0,0,1,0,0,1
715,14810.0,6.0,2014.0,0,0.0,0.0,0,0,0,0,1,0,0,0,1,0,0
716,3200.0,1.0,2008.0,1,22.0,2011.0,"Jan,Apr,Jul,Oct",0,0,0,0,0,0,1,1,0,0
717,310.0,0.0,0.0,1,40.0,2011.0,"Jan,Apr,Jul,Oct",0,0,0,0,0,0,1,0,0,1
718,1100.0,6.0,2015.0,0,0.0,0.0,0,0,0,0,1,0,0,0,1,0,0
719,8190.0,0.0,0.0,1,45.0,2009.0,"Feb,May,Aug,Nov",0,0,0,0,0,1,0,0,0,1
720,15320.0,3.0,2011.0,1,14.0,2013.0,"Feb,May,Aug,Nov",0,0,0,1,0,0,0,0,0,1
721,3590.0,9.0,2012.0,1,22.0,2012.0,"Mar,Jun,Sept,Dec",0,0,0,1,0,0,0,0,0,1
722,50.0,0.0,0.0,0,0.0,0.0,0,0,0,0,1,0,0,0,1,0,0
723,5650.0,9.0,2008.0,1,5.0,2013.0,"Feb,May,Aug,Nov",0,0,0,0,0,0,1,0,0,1
724,5900.0,0.0,0.0,0,0.0,0.0,0,0,0,0,0,0,0,1,0,0,1
725,17540.0,6.0,2012.0,0,0.0,0.0,0,0,0,0,0,0,0,1,0,0,1
726,40540.0,2.0,2002.0,0,0.0,0.0,0,0,0,0,1,0,0,0,0,0,1
727,2050.0,3.0,2007.0,0,0.0,0.0,0,0,0,0,1,0,0,0,1,0,0
728,13990.0,0.0,0.0,1,14.0,2011.0,"Jan,Apr,Jul,Oct",0,0,0,0,0,0,1,1,0,0
729,8980.0,6.0,2011.0,0,0.0,0.0,0,0,0,0,0,0,1,0,0,0,1
730,1190.0,9.0,2013.0,0,0.0,0.0,0,0,0,0,0,0,1,0,1,0,0
731,15270.0,0.0,0.0,1,10.0,2014.0,"Jan,Apr,Jul,Oct",0,0,0,1,0,0,0,1,0,0
732,35280.0,0.0,0.0,0,0.0,0.0,0,0,0,0,1,0,0,0,0,0,1
733,860.0,10.0,1999.0,0,0.0,0.0,0,0,0,0,0,1,0,0,0,1,0
734,220.0,0.0,0.0,1,36.0,2013.0,"Mar,Jun,Sept,Dec",0,0,0,1,0,0,0,1,0,0
735,1920.0,4.0,2005.0,0,0.0,0.0,0,0,0,0,0,0,0,1,0,0,1
736,1650.0,0.0,0.0,1,14.0,2011.0,"Jan,Apr,Jul,Oct",0,0,0,0,0,1,0,0,0,1
737,100.0,5.0,2007.0,1,31.0,2013.0,"Jan,Apr,Jul,Oct",0,0,0,1,0,0,0,1,0,0
738,5980.0,10.0,2005.0,0,0.0,0.0,0,0,0,0,0,0,0,1,0,0,1
739,2770.0,6.0,2008.0,1,22.0,2011.0,"Jan,Apr,Jul,Oct",0,0,0,0,0,0,1,0,0,1
740,6400.0,3.0,2014.0,0,0.0,0.0,0,0,0,0,0,0,0,1,1,0,0
741,11900.0,0.0,0.0,0,0.0,0.0,0,0,0,0,0,0,0,1,0,0,1
742,4380.0,0.0,0.0,0,0.0,0.0,0,0,0,0,0,0,0,1,0,0,1
743,6710.0,11.0,2003.0,1,14.0,2012.0,"Jan,Apr,Jul,Oct",0,0,0,1,0,0,0,1,0,0
744,1370.0,12.0,2011.0,1,40.0,2014.0,"Jan,Apr,Jul,Oct",0,0,0,1,0,0,0,1,0,0
745,17650.0,11.0,2013.0,1,37.0,2009.0,"Jan,Apr,Jul,Oct",0,0,0,1,0,0,0,1,0,0
746,4330.0,2.0,2011.0,1,35.0,2011.0,"Mar,Jun,Sept,Dec",0,0,0,0,0,0,1,0,0,1
747,45740.0,8.0,2008.0,0,0.0,0.0,0,0,0,0,0,0,1,0,0,0,1
748,2380.0,3.0,2010.0,1,14.0,2011.0,"Jan,Apr,Jul,Oct",0,0,0,0,0,0,1,1,0,0
749,3410.0,8.0,2011.0,1,14.0,2015.0,"Jan,Apr,Jul,Oct",0,0,0,1,0,0,0,1,0,0
750,8670.0,2.0,2002.0,1,14.0,2011.0,"Jan,Apr,Jul,Oct",0,0,0,0,0,0,1,1,0,0
751,650.0,10.0,2006.0,0,0.0,0.0,0,0,0,0,1,0,0,0,1,0,0
752,970.0,3.0,2013.0,1,31.0,2013.0,"Feb,May,Aug,Nov",0,0,0,1,0,0,0,1,0,0
753,540.0,11.0,2012.0,1,35.0,2010.0,"Mar,Jun,Sept,Dec",0,0,0,0,0,0,1,0,0,1
754,380.0,5.0,2008.0,1,10.0,2014.0,"Mar,Jun,Sept,Dec",0,0,0,0,0,1,0,0,0,1
755,13130.0,12.0,2003.0,0,0.0,0.0,0,0,0,0,0,0,0,1,0,0,1
756,50.0,0.0,0.0,1,40.0,2011.0,"Jan,Apr,Jul,Oct",0,0,0,1,0,0,0,0,0,1
757,3450.0,0.0,0.0,0,0.0,0.0,0,0,0,0,1,0,0,0,0,0,1
758,19780.0,6.0,2008.0,0,0.0,0.0,0,0,0,0,1,0,0,0,0,0,1
759,110.0,11.0,2012.0,1,31.0,2013.0,"Feb,May,Aug,Nov",0,0,0,1,0,0,0,1,0,0
760,560.0,1.0,2011.0,0,0.0,0.0,0,0,0,0,1,0,0,0,1,0,0
761,2390.0,9.0,2012.0,0,0.0,0.0,0,0,0,0,1,0,0,0,1,0,0
762,1280.0,0.0,0.0,1,10.0,2013.0,"Mar,Jun,Sept,Dec",0,0,0,0,0,0,1,0,0,1
763,32240.0,3.0,2010.0,0,0.0,0.0,0,0,0,0,0,0,0,1,0,0,1
764,26490.0,0.0,0.0,1,10.0,2014.0,"Mar,Jun,Sept,Dec",0,0,0,1,0,0,0,0,0,1
765,25430.0,5.0,1999.0,1,37.0,2009.0,"Jan,Apr,Jul,Oct",0,0,0,1,0,0,0,0,0,1
766,9820.0,0.0,0.0,0,0.0,0.0,0,0,0,0,0,0,0,1,0,0,1
767,13080.0,0.0,0.0,0,0.0,0.0,0,0,0,0,1,0,0,0,0,0,1
768,2630.0,9.0,2012.0,0,0.0,0.0,0,0,0,0,1,0,0,0,0,0,1
769,840.0,0.0,0.0,1,48.0,2012.0,"Jan,Apr,Jul,Oct",0,0,0,0,1,0,0,0,1,0
770,100.0,4.0,2015.0,0,0.0,0.0,0,0,0,0,1,0,0,0,0,0,1
771,20640.0,9.0,2007.0,0,0.0,0.0,0,0,0,0,1,0,0,0,1,0,0
772,1850.0,0.0,0.0,0,0.0,0.0,0,0,0,0,0,0,0,1,0,0,1
773,200.0,0.0,0.0,0,0.0,0.0,0,0,0,0,1,0,0,0,1,0,0
774,640.0,9.0,2013.0,0,0.0,0.0,0,0,0,0,1,0,0,0,0,0,1
775,6970.0,12.0,2005.0,1,22.0,2011.0,"Jan,Apr,Jul,Oct",0,0,0,0,0,0,1,0,0,1
776,700.0,4.0,2009.0,1,14.0,2011.0,"Jan,Apr,Jul,Oct",0,0,0,0,0,1,0,1,0,0
777,8250.0,10.0,2004.0,1,10.0,2013.0,"Mar,Jun,Sept,Dec",0,0,0,0,0,0,1,0,0,1
778,340.0,6.0,2003.0,1,40.0,2014.0,"Jan,Apr,Jul,Oct",0,0,0,1,0,0,0,1,0,0
779,16990.0,4.0,2004.0,0,0.0,0.0,0,0,0,0,1,0,0,0,1,0,0
780,18160.0,0.0,0.0,0,0.0,0.0,0,0,0,0,1,0,0,0,1,0,0
781,630.0,4.0,2007.0,0,0.0,0.0,0,0,0,0,1,0,0,0,1,0,0
782,5390.0,8.0,2003.0,1,1.0,2012.0,"Jan,Apr,Jul,Oct",0,0,0,0,0,1,0,0,0,1
783,15490.0,0.0,0.0,0,0.0,0.0,0,0,0,0,0,0,0,1,0,0,1
784,560.0,10.0,2014.0,1,10.0,2014.0,"Jan,Apr,Jul,Oct",0,0,0,1,0,0,0,1,0,0
785,970.0,7.0,2005.0,1,31.0,2013.0,"Feb,May,Aug,Nov",0,0,0,0,0,0,1,0,0,1
786,290.0,11.0,2006.0,1,5.0,2013.0,"Feb,May,Aug,Nov",0,0,0,1,0,0,0,1,0,0
787,3210.0,6.0,2009.0,0,0.0,0.0,0,0,0,0,0,0,1,0,0,0,1
788,1530.0,3.0,2013.0,0,0.0,0.0,0,0,0,0,1,0,0,0,0,0,1
789,9770.0,7.0,2003.0,0,0.0,0.0,0,0,0,0,1,0,0,0,0,0,1
790,9070.0,12.0,2003.0,0,0.0,0.0,0,0,0,0,0,0,0,1,0,0,1
791,5950.0,4.0,2007.0,0,0.0,0.0,0,0,0,0,1,0,0,0,1,0,0
792,17280.0,10.0,2009.0,1,18.0,2011.0,"Feb,May,Aug,Nov",0,0,0,0,0,0,1,1,0,0
793,2710.0,7.0,2006.0,0,0.0,0.0,0,0,0,0,0,0,0,1,1,0,0
794,5090.0,9.0,2006.0,0,0.0,0.0,0,0,0,0,0,0,1,0,0,0,1
795,510.0,0.0,0.0,1,35.0,2010.0,"Mar,Jun,Sept,Dec",0,0,0,0,0,0,1,1,0,0
796,7180.0,11.0,2012.0,0,0.0,0.0,0,0,0,0,1,0,0,0,0,0,1
797,2090.0,10.0,2012.0,1,40.0,2014.0,"Jan,Apr,Jul,Oct",0,0,0,1,0,0,0,1,0,0
798,9560.0,4.0,2001.0,0,0.0,0.0,0,0,0,0,1,0,0,0,1,0,0
799,2700.0,0.0,0.0,0,0.0,0.0,0,0,0,0,1,0,0,0,0,0,1
800,2020.0,7.0,2014.0,0,0.0,0.0,0,0,0,0,0,0,0,1,1,0,0
801,48330.0,4.0,2013.0,0,0.0,0.0,0,0,0,0,0,0,0,1,1,0,0
802,910.0,0.0,0.0,1,22.0,2011.0,"Feb,May,Aug,Nov",0,0,0,1,0,0,0,0,0,1
803,1760.0,0.0,0.0,1,10.0,2014.0,"Mar,Jun,Sept,Dec",0,0,0,0,0,0,1,1,0,0
804,2100.0,0.0,0.0,1,1.0,2013.0,"Jan,Apr,Jul,Oct",0,0,0,0,0,1,0,0,0,1
805,24770.0,10.0,2011.0,1,10.0,2014.0,"Mar,Jun,Sept,Dec",0,0,0,0,0,0,1,1,0,0
806,260.0,0.0,0.0,1,44.0,2010.0,"Feb,May,Aug,Nov",0,0,0,0,0,0,1,1,0,0
807,3870.0,4.0,2008.0,0,0.0,0.0,0,0,0,0,1,0,0,0,1,0,0
808,18620.0,0.0,0.0,1,31.0,2009.0,"Feb,May,Aug,Nov",0,0,0,1,0,0,0,1,0,0
809,12770.0,10.0,2000.0,0,0.0,0.0,0,0,0,0,1,0,0,0,1,0,0
810,9640.0,11.0,2013.0,0,0.0,0.0,0,0,0,0,0,0,0,1,0,0,1
811,410.0,9.0,2012.0,0,0.0,0.0,0,0,0,0,1,0,0,0,1,0,0
812,2590.0,9.0,2012.0,0,0.0,0.0,0,0,0,0,0,0,0,1,1,0,0
813,1560.0,9.0,2003.0,0,0.0,0.0,0,0,0,0,1,0,0,0,1,0,0
814,24530.0,7.0,2013.0,0,0.0,0.0,0,0,0,0,0,0,0,1,0,0,1
815,590.0,1.0,1900.0,1,40.0,2014.0,"Jan,Apr,Jul,Oct",0,0,0,1,0,0,0,1,0,0
816,460.0,0.0,0.0,0,0.0,0.0,0,0,0,0,0,0,1,0,0,0,1
817,140.0,3.0,2006.0,0,0.0,0.0,0,0,0,0,1,0,0,0,1,0,0
818,490.0,0.0,0.0,1,35.0,2010.0,"Mar,Jun,Sept,Dec",0,0,0,0,0,0,1,1,0,0
819,720.0,10.0,2014.0,0,0.0,0.0,0,0,0,0,1,0,0,0,0,0,1
820,1650.0,0.0,0.0,1,40.0,2014.0,"Jan,Apr,Jul,Oct",0,0,0,1,0,0,0,0,0,1
821,1700.0,9.0,2009.0,0,0.0,0.0,0,0,0,0,1,0,0,0,1,0,0
822,410.0,11.0,2010.0,1,48.0,2010.0,"Mar,Jun,Sept,Dec",0,0,0,1,0,0,0,0,0,1
823,16210.0,11.0,2010.0,0,0.0,0.0,0,0,0,0,1,0,0,0,0,0,1
824,17570.0,0.0,0.0,0,0.0,0.0,0,0,0,0,1,0,0,0,1,0,0
825,380.0,5.0,2011.0,1,40.0,2014.0,"Jan,Apr,Jul,Oct",0,0,0,1,0,0,0,1,0,0
826,7980.0,6.0,2005.0,0,0.0,0.0,0,0,0,0,1,0,0,0,0,0,1
827,250.0,1.0,2005.0,0,0.0,0.0,0,0,0,0,1,0,0,0,0,0,1
828,3290.0,12.0,2014.0,0,0.0,0.0,0,0,0,0,0,0,0,1,0,0,1
829,110.0,0.0,0.0,0,0.0,0.0,0,0,0,0,0,0,1,0,1,0,0
830,6320.0,0.0,0.0,1,5.0,2011.0,"Jan,Apr,Jul,Oct",0,0,0,1,0,0,0,0,0,1
831,800.0,6.0,2007.0,0,0.0,0.0,0,0,0,0,1,0,0,0,1,0,0
832,5070.0,0.0,0.0,1,45.0,2009.0,"Feb,May,Aug,Nov",0,0,0,0,0,0,1,1,0,0
833,3290.0,12.0,1999.0,1,35.0,2010.0,"Mar,Jun,Sept,Dec",0,0,0,0,0,0,1,0,0,1
834,3470.0,3.0,2012.0,0,0.0,0.0,0,0,0,0,1,0,0,0,1,0,0
835,2890.0,12.0,2007.0,1,10.0,2014.0,"Mar,Jun,Sept,Dec",0,0,0,1,0,0,0,1,0,0
836,2720.0,9.0,2012.0,0,0.0,0.0,0,0,0,0,1,0,0,0,1,0,0
837,14600.0,4.0,2015.0,0,0.0,0.0,0,0,0,0,1,0,0,0,0,0,1
838,6890.0,0.0,0.0,1,48.0,2011.0,"Mar,Jun,Sept,Dec",0,0,0,0,0,0,1,0,0,1
839,240.0,1.0,2015.0,0,0.0,0.0,0,0,0,0,0,0,1,0,1,0,0
840,1070.0,9.0,2009.0,0,0.0,0.0,0,0,0,0,1,0,0,0,1,0,0
841,27650.0,8.0,2004.0,0,0.0,0.0,0,0,0,0,1,0,0,0,1,0,0
842,1200.0,11.0,2007.0,0,0.0,0.0,0,0,0,0,0,0,0,1,0,0,1
843,60.0,4.0,2006.0,0,0.0,0.0,0,0,0,0,0,0,1,0,1,0,0
844,2030.0,9.0,2012.0,1,18.0,2011.0,"Feb,May,Aug,Nov",0,0,0,1,0,0,0,1,0,0
845,7860.0,11.0,2005.0,1,14.0,2011.0,"Jan,Apr,Jul,Oct",0,0,0,0,0,0,1,1,0,0
846,8860.0,4.0,2004.0,1,37.0,2009.0,"Jan,Apr,Jul,Oct",0,0,0,1,0,0,0,0,0,1
847,190.0,0.0,0.0,1,31.0,2013.0,"Feb,May,Aug,Nov",0,0,0,0,0,1,0,0,0,1
848,370.0,7.0,2007.0,1,14.0,2011.0,"Jan,Apr,Jul,Oct",0,0,0,1,0,0,0,0,0,1
849,5000.0,0.0,0.0,0,0.0,0.0,0,0,0,0,0,0,1,0,0,0,1
850,1120.0,5.0,2007.0,1,31.0,2013.0,"Jan,Apr,Jul,Oct",0,0,0,0,0,0,1,1,0,0
851,2330.0,0.0,0.0,1,49.0,2014.0,"Mar,Jun,Sept,Dec",0,0,0,0,0,0,1,0,0,1
852,940.0,4.0,2004.0,1,14.0,2011.0,"Jan,Apr,Jul,Oct",0,0,0,0,0,1,0,1,0,0
853,14040.0,0.0,0.0,0,0.0,0.0,0,0,0,0,1,0,0,0,1,0,0
854,4770.0,0.0,0.0,1,13.0,2010.0,"Jan,Apr,Jul,Oct",0,0,0,0,0,1,0,1,0,0
855,3440.0,0.0,0.0,1,45.0,2009.0,"Feb,May,Aug,Nov",0,0,0,1,0,0,0,1,0,0
856,3020.0,2.0,2010.0,0,0.0,0.0,0,0,0,0,1,0,0,0,1,0,0
857,6270.0,8.0,2005.0,1,23.0,2014.0,"Mar,Jun,Sept,Dec",0,0,0,0,0,1,0,1,0,0
858,3370.0,12.0,2008.0,1,40.0,2014.0,"Jan,Apr,Jul,Oct",0,0,0,1,0,0,0,1,0,0
859,21770.0,7.0,2015.0,0,0.0,0.0,0,0,0,0,0,0,1,0,1,0,0
860,5980.0,2.0,2010.0,0,0.0,0.0,0,0,0,0,0,0,1,0,0,0,1
861,740.0,0.0,0.0,1,14.0,2013.0,"Mar,Jun,Sept,Dec",0,0,0,0,0,1,0,0,0,1
862,2840.0,3.0,2010.0,1,14.0,2011.0,"Jan,Apr,Jul,Oct",0,0,0,1,0,0,0,0,0,1
863,21370.0,11.0,2010.0,0,0.0,0.0,0,0,0,0,1,0,0,0,0,0,1
864,1020.0,10.0,2012.0,1,45.0,2009.0,"Feb,May,Aug,Nov",0,0,0,1,0,0,0,1,0,0
865,2640.0,0.0,0.0,0,0.0,0.0,0,0,0,0,0,0,0,1,0,0,1
866,9680.0,0.0,0.0,1,5.0,2013.0,"Feb,May,Aug,Nov",0,0,0,0,0,0,1,1,0,0
867,21810.0,9.0,2012.0,0,0.0,0.0,0,0,0,0,0,0,0,1,0,0,1
868,1360.0,8.0,2005.0,1,10.0,2014.0,"Jan,Apr,Jul,Oct",0,0,0,0,0,0,1,0,0,1
869,230.0,10.0,2001.0,1,14.0,2011.0,"Jan,Apr,Jul,Oct",0,0,0,0,0,1,0,1,0,0
870,780.0,4.0,2009.0,0,0.0,0.0,0,0,0,0,1,0,0,0,1,0,0
871,10620.0,0.0,0.0,0,0.0,0.0,0,0,0,0,0,0,0,1,0,0,1
872,3860.0,9.0,2014.0,1,23.0,2015.0,"Mar,Jun,Sept,Dec",0,0,0,1,0,0,0,0,0,1
873,2040.0,11.0,2008.0,0,0.0,0.0,0,0,0,0,1,0,0,0,1,0,0
874,3210.0,0.0,0.0,0,0.0,0.0,0,0,0,0,1,0,0,0,1,0,0
875,5070.0,11.0,2007.0,1,18.0,2015.0,"Feb,May,Aug,Nov",0,0,0,0,0,0,1,1,0,0
876,21790.0,4.0,2005.0,1,18.0,2015.0,"Feb,May,Aug,Nov",0,0,0,1,0,0,0,1,0,0
877,29190.0,0.0,0.0,0,0.0,0.0,0,0,0,0,1,0,0,0,0,0,1
878,1100.0,12.0,2014.0,0,0.0,0.0,0,0,0,0,0,0,0,1,0,0,1
879,0.0,0.0,0.0,1,5.0,2013.0,"Feb,May,Aug,Nov",0,0,0,0,0,0,1,1,0,0
880,4570.0,0.0,0.0,0,0.0,0.0,0,0,0,0,1,0,0,0,0,0,1
881,180.0,3.0,2008.0,1,31.0,2013.0,"Feb,May,Aug,Nov",0,0,0,1,0,0,0,1,0,0
882,30.0,4.0,2013.0,0,0.0,0.0,0,0,0,0,1,0,0,0,1,0,0
883,3200.0,6.0,2005.0,0,0.0,0.0,0,0,0,0,1,0,0,0,1,0,0
884,7550.0,0.0,0.0,0,0.0,0.0,0,0,0,0,0,0,0,1,0,0,1
885,480.0,12.0,2005.0,0,0.0,0.0,0,0,0,0,1,0,0,0,1,0,0
886,12430.0,10.0,2004.0,0,0.0,0.0,0,0,0,0,1,0,0,0,0,0,1
887,19700.0,0.0,0.0,1,37.0,2009.0,"Jan,Apr,Jul,Oct",0,0,0,0,0,0,1,1,0,0
888,4450.0,6.0,2012.0,1,35.0,2012.0,"Mar,Jun,Sept,Dec",0,0,0,0,0,0,1,1,0,0
889,18670.0,12.0,2005.0,0,0.0,0.0,0,0,0,0,0,0,0,1,1,0,0
890,4450.0,0.0,0.0,1,14.0,2011.0,"Jan,Apr,Jul,Oct",0,0,0,1,0,0,0,1,0,0
891,350.0,0.0,0.0,1,31.0,2013.0,"Feb,May,Aug,Nov",0,0,0,1,0,0,0,0,0,1
892,19370.0,4.0,2002.0,0,0.0,0.0,0,0,0,0,1,0,0,0,1,0,0
893,130.0,0.0,0.0,1,1.0,2013.0,"Jan,Apr,Jul,Oct",0,0,0,1,0,0,0,1,0,0
894,190.0,11.0,2012.0,0,0.0,0.0,0,0,0,0,1,0,0,0,1,0,0
895,4150.0,0.0,0.0,0,0.0,0.0,0,0,0,0,1,0,0,0,0,0,1
896,170.0,9.0,2012.0,0,0.0,0.0,0,0,0,0,1,0,0,0,0,0,1
897,3290.0,1.0,2007.0,1,5.0,2013.0,"Feb,May,Aug,Nov",0,0,0,0,0,1,0,0,0,1
898,18540.0,0.0,0.0,0,0.0,0.0,0,0,0,0,1,0,0,0,1,0,0
899,2590.0,0.0,0.0,1,13.0,2010.0,"Jan,Apr,Jul,Oct",0,0,0,0,0,0,1,1,0,0
900,3920.0,4.0,2005.0,1,40.0,2014.0,"Jan,Apr,Jul,Oct",0,0,0,1,0,0,0,1,0,0
901,3170.0,4.0,2014.0,0,0.0,0.0,0,0,0,0,1,0,0,0,0,0,1
902,310.0,5.0,2015.0,1,40.0,2014.0,"Jan,Apr,Jul,Oct",0,0,0,1,0,0,0,1,0,0
903,7290.0,9.0,2014.0,0,0.0,0.0,0,0,0,0,0,0,0,1,0,0,1
904,570.0,7.0,2013.0,1,14.0,2011.0,"Jan,Apr,Jul,Oct",0,0,0,0,0,0,1,0,0,1
905,90.0,6.0,2014.0,0,0.0,0.0,0,0,0,0,1,0,0,0,1,0,0
906,90.0,7.0,2010.0,0,0.0,0.0,0,0,0,0,1,0,0,0,1,0,0
907,250.0,0.0,0.0,0,0.0,0.0,0,0,0,0,1,0,0,0,0,0,1
908,1980.0,7.0,2010.0,1,37.0,2009.0,"Jan,Apr,Jul,Oct",0,0,0,1,0,0,0,1,0,0
909,1680.0,0.0,0.0,1,45.0,2009.0,"Feb,May,Aug,Nov",0,0,0,1,0,0,0,0,0,1
910,12480.0,0.0,0.0,1,1.0,2013.0,"Jan,Apr,Jul,Oct",0,0,0,0,0,0,1,0,0,1
911,16490.0,0.0,0.0,0,0.0,0.0,0,0,0,0,1,0,0,0,0,0,1
912,3100.0,5.0,2010.0,0,0.0,0.0,0,0,0,0,0,0,1,0,0,0,1
913,280.0,0.0,0.0,0,0.0,0.0,0,0,0,0,1,0,0,0,1,0,0
914,2640.0,4.0,2011.0,1,22.0,2012.0,"Mar,Jun,Sept,Dec",0,0,0,0,0,1,0,0,0,1
915,650.0,3.0,2013.0,1,40.0,2014.0,"Jan,Apr,Jul,Oct",0,0,0,0,0,0,1,0,0,1
916,90.0,11.0,2012.0,0,0.0,0.0,0,0,0,0,1,0,0,0,1,0,0
917,7240.0,2.0,2010.0,0,0.0,0.0,0,0,0,0,1,0,0,0,1,0,0
918,18710.0,4.0,2015.0,0,0.0,0.0,0,0,0,0,1,0,0,0,0,0,1
919,2620.0,0.0,0.0,1,45.0,2009.0,"Feb,May,Aug,Nov",0,0,0,1,0,0,0,1,0,0
920,850.0,2.0,2012.0,1,40.0,2014.0,"Jan,Apr,Jul,Oct",0,0,0,1,0,0,0,1,0,0
921,840.0,9.0,2006.0,0,0.0,0.0,0,0,0,0,1,0,0,0,1,0,0
922,2110.0,3.0,2006.0,0,0.0,0.0,0,0,0,0,0,0,0,1,1,0,0
923,280.0,9.0,2008.0,0,0.0,0.0,0,0,0,0,1,0,0,0,1,0,0
924,6420.0,4.0,2011.0,1,1.0,2012.0,"Jan,Apr,Jul,Oct",0,0,0,1,0,0,0,1,0,0
925,470.0,3.0,2007.0,1,1.0,2012.0,"Jan,Apr,Jul,Oct",0,0,0,0,0,1,0,1,0,0
926,5150.0,3.0,2011.0,1,13.0,2010.0,"Jan,Apr,Jul,Oct",0,0,0,0,0,0,1,0,0,1
927,480.0,0.0,0.0,0,0.0,0.0,0,0,0,0,1,0,0,0,1,0,0
928,1090.0,0.0,0.0,1,31.0,2013.0,"Feb,May,Aug,Nov",0,0,0,0,0,0,1,0,0,1
929,4820.0,9.0,2013.0,0,0.0,0.0,0,0,0,0,1,0,0,0,0,0,1
930,70.0,0.0,0.0,0,0.0,0.0,0,0,0,0,1,0,0,0,1,0,0
931,1480.0,9.0,2011.0,1,1.0,2012.0,"Jan,Apr,Jul,Oct",0,0,0,1,0,0,0,0,0,1
932,15700.0,0.0,0.0,1,13.0,2010.0,"Jan,Apr,Jul,Oct",0,0,0,1,0,0,0,1,0,0
933,6270.0,2.0,2005.0,0,0.0,0.0,0,0,0,0,1,0,0,0,0,0,1
934,5460.0,0.0,0.0,1,14.0,2011.0,"Jan,Apr,Jul,Oct",0,0,0,1,0,0,0,0,0,1
935,22350.0,6.0,2010.0,0,0.0,0.0,0,0,0,0,1,0,0,0,0,0,1
936,580.0,2.0,2008.0,0,0.0,0.0,0,0,0,0,1,0,0,0,1,0,0
937,2810.0,0.0,0.0,1,10.0,2014.0,"Jan,Apr,Jul,Oct",0,0,0,0,0,0,1,1,0,0
938,2820.0,9.0,2009.0,0,0.0,0.0,0,0,0,0,1,0,0,0,1,0,0
939,1340.0,0.0,0.0,0,0.0,0.0,0,0,0,0,0,0,0,1,1,0,0
940,6470.0,9.0,2012.0,0,0.0,0.0,0,0,0,0,0,0,0,1,0,0,1
941,1200.0,12.0,2011.0,1,31.0,2013.0,"Jan,Apr,Jul,Oct",0,0,0,1,0,0,0,1,0,0
942,6860.0,0.0,0.0,1,18.0,2011.0,"Jan,Apr,Jul,Oct",0,0,0,0,0,0,1,0,0,1
943,18020.0,0.0,0.0,0,0.0,0.0,0,0,0,0,0,0,0,1,0,0,1
944,1670.0,7.0,2015.0,0,0.0,0.0,0,0,0,0,0,0,1,0,1,0,0
945,12480.0,3.0,2011.0,0,0.0,0.0,0,0,0,0,1,0,0,0,0,0,1
946,2220.0,12.0,2011.0,1,14.0,2015.0,"Jan,Apr,Jul,Oct",0,0,0,1,0,0,0,1,0,0
947,460.0,3.0,2014.0,1,13.0,2010.0,"Jan,Apr,Jul,Oct",0,0,0,1,0,0,0,1,0,0
948,1430.0,0.0,0.0,0,0.0,0.0,0,0,0,0,0,1,0,0,0,1,0
949,870.0,3.0,2006.0,0,0.0,0.0,0,0,0,0,1,0,0,0,1,0,0
950,8460.0,11.0,1994.0,0,0.0,0.0,0,0,0,0,1,0,0,0,1,0,0
951,710.0,0.0,0.0,1,40.0,2011.0,"Jan,Apr,Jul,Oct",0,0,0,0,0,0,1,0,0,1
952,6300.0,10.0,2013.0,0,0.0,0.0,0,0,0,0,0,0,0,1,0,0,1
953,19830.0,4.0,2006.0,1,22.0,2011.0,"Mar,Jun,Sept,Dec",0,0,0,1,0,0,0,1,0,0
954,390.0,2.0,2013.0,1,10.0,2014.0,"Jan,Apr,Jul,Oct",0,0,0,1,0,0,0,1,0,0
955,1690.0,7.0,2009.0,1,36.0,2013.0,"Mar,Jun,Sept,Dec",0,0,0,0,0,0,1,0,0,1
956,2330.0,10.0,2014.0,1,18.0,2011.0,"Feb,May,Aug,Nov",0,0,0,1,0,0,0,1,0,0
957,1420.0,11.0,2012.0,0,0.0,0.0,0,0,0,0,0,0,0,1,0,0,1
958,440.0,11.0,2013.0,0,0.0,0.0,0,0,0,0,1,0,0,0,1,0,0
959,1060.0,12.0,2005.0,0,0.0,0.0,0,0,0,0,1,0,0,0,0,0,1
960,8990.0,0.0,0.0,1,31.0,2009.0,"Feb,May,Aug,Nov",0,0,0,0,0,0,1,1,0,0
961,9430.0,0.0,0.0,0,0.0,0.0,0,0,0,0,0,0,0,1,0,0,1
962,260.0,0.0,0.0,0,0.0,0.0,0,0,0,0,0,0,1,0,1,0,0
963,23620.0,11.0,2013.0,0,0.0,0.0,0,0,0,0,1,0,0,0,0,0,1
964,270.0,0.0,0.0,1,5.0,2013.0,"Feb,May,Aug,Nov",0,0,0,1,0,0,0,1,0,0
965,110.0,0.0,0.0,0,0.0,0.0,0,0,0,0,1,0,0,0,0,0,1
966,760.0,2.0,2008.0,0,0.0,0.0,0,0,0,0,1,0,0,0,1,0,0
967,3560.0,9.0,2013.0,1,36.0,2013.0,"Jan,Apr,Jul,Oct",0,0,0,1,0,0,0,0,0,1
968,1190.0,0.0,0.0,0,0.0,0.0,0,0,0,0,0,0,1,0,1,0,0
969,600.0,11.0,1999.0,1,10.0,2013.0,"Jan,Apr,Jul,Oct",0,0,0,1,0,0,0,0,0,1
970,910.0,12.0,2014.0,1,37.0,2009.0,"Jan,Apr,Jul,Oct",0,0,0,1,0,0,0,1,0,0
971,1140.0,5.0,2011.0,1,14.0,2012.0,"Mar,Jun,Sept,Dec",0,0,0,0,0,1,0,1,0,0
972,14960.0,0.0,0.0,0,0.0,0.0,0,0,0,0,1,0,0,0,1,0,0
973,330.0,0.0,0.0,1,28.0,2012.0,"Jan,Apr,Jul,Oct",0,0,0,0,0,0,1,0,0,1
974,150.0,3.0,2011.0,1,40.0,2014.0,"Jan,Apr,Jul,Oct",0,0,0,1,0,0,0,1,0,0
975,9630.0,0.0,0.0,1,14.0,2011.0,"Jan,Apr,Jul,Oct",0,0,0,1,0,0,0,0,0,1
976,4180.0,0.0,0.0,0,0.0,0.0,0,0,0,0,1,0,0,0,1,0,0
977,520.0,9.0,2005.0,1,13.0,2010.0,"Jan,Apr,Jul,Oct",0,0,0,1,0,0,0,1,0,0
978,3890.0,0.0,0.0,0,0.0,0.0,0,0,0,0,0,0,1,0,0,0,1
979,2270.0,11.0,2005.0,1,14.0,2011.0,"Jan,Apr,Jul,Oct",0,0,0,1,0,0,0,0,0,1
980,4420.0,9.0,2005.0,0,0.0,0.0,0,0,0,0,1,0,0,0,1,0,0
981,2620.0,11.0,2002.0,0,0.0,0.0,0,0,0,0,0,0,0,1,0,0,1
982,21930.0,0.0,0.0,0,0.0,0.0,0,0,0,0,0,0,0,1,1,0,0
983,40.0,3.0,2014.0,1,1.0,2014.0,"Jan,Apr,Jul,Oct",0,0,0,1,0,0,0,1,0,0
984,440.0,0.0,0.0,1,1.0,2013.0,"Jan,Apr,Jul,Oct",0,0,0,0,0,1,0,1,0,0
985,490.0,5.0,2007.0,1,13.0,2010.0,"Jan,Apr,Jul,Oct",0,0,0,0,0,1,0,0,0,1
986,620.0,10.0,2014.0,1,18.0,2014.0,"Feb,May,Aug,Nov",0,0,0,1,0,0,0,1,0,0
987,1690.0,6.0,2007.0,0,0.0,0.0,0,0,0,0,0,0,1,0,1,0,0
988,30.0,11.0,2012.0,0,0.0,0.0,0,0,0,0,1,0,0,0,1,0,0
989,1640.0,6.0,2006.0,1,40.0,2011.0,"Jan,Apr,Jul,Oct",0,0,0,1,0,0,0,1,0,0
990,20930.0,0.0,0.0,0,0.0,0.0,0,0,0,0,0,0,0,1,1,0,0
991,1010.0,0.0,0.0,0,0.0,0.0,0,0,0,0,1,0,0,0,1,0,0
992,2480.0,7.0,1990.0,0,0.0,0.0,0,0,0,0,1,0,0,0,1,0,0
993,3460.0,10.0,2013.0,1,10.0,2014.0,"Jan,Apr,Jul,Oct",0,0,0,0,0,0,1,0,0,1
994,2290.0,7.0,2011.0,1,1.0,2012.0,"Jan,Apr,Jul,Oct",0,0,0,1,0,0,0,1,0,0
995,6560.0,12.0,2013.0,0,0.0,0.0,0,0,0,0,0,0,0,1,1,0,0
996,2870.0,7.0,2015.0,1,13.0,2010.0,"Jan,Apr,Jul,Oct",0,0,0,0,0,1,0,1,0,0
997,5840.0,7.0,2010.0,1,37.0,2009.0,"Jan,Apr,Jul,Oct",0,0,0,0,0,0,1,0,0,1
998,780.0,9.0,2005.0,1,5.0,2013.0,"Feb,May,Aug,Nov",0,0,0,1,0,0,0,1,0,0
999,15140.0,2.0,2002.0,1,37.0,2009.0,"Jan,Apr,Jul,Oct",0,0,0,0,0,0,1,0,0,1
1000,2230.0,5.0,2009.0,1,40.0,2014.0,"Jan,Apr,Jul,Oct",0,0,0,1,0,0,0,0,0,1
1001,19640.0,0.0,0.0,1,14.0,2011.0,"Jan,Apr,Jul,Oct",0,0,0,0,0,1,0,1,0,0
1002,1130.0,11.0,2008.0,0,0.0,0.0,0,0,0,0,0,0,0,1,0,0,1
1003,170.0,7.0,2013.0,1,27.0,2013.0,"Jan,Apr,Jul,Oct",0,0,0,1,0,0,0,1,0,0
1004,970.0,0.0,0.0,1,9.0,2011.0,"Mar,Jun,Sept,Dec",0,0,0,0,0,0,1,0,0,1
1005,6480.0,0.0,0.0,0,0.0,0.0,0,0,0,0,1,0,0,0,1,0,0
1006,3890.0,11.0,2006.0,1,5.0,2013.0,"Feb,May,Aug,Nov",0,0,0,0,0,1,0,0,0,1
1007,4180.0,9.0,2012.0,0,0.0,0.0,0,0,0,0,0,0,1,0,0,0,1
1008,30.0,9.0,2010.0,0,0.0,0.0,0,0,0,0,1,0,0,0,0,0,1
1009,230.0,7.0,2004.0,1,10.0,2014.0,"Jan,Apr,Jul,Oct",0,0,0,1,0,0,0,1,0,0
1010,4610.0,6.0,2010.0,1,18.0,2010.0,"Feb,May,Aug,Nov",0,0,0,0,0,0,1,0,0,1
1011,490.0,9.0,2012.0,1,18.0,2011.0,"Feb,May,Aug,Nov",0,0,0,1,0,0,0,0,0,1
1012,6330.0,6.0,2004.0,1,39.0,2010.0,"Jan,Apr,Jul,Oct",0,0,0,0,0,0,1,0,0,1
1013,630.0,2.0,2015.0,1,31.0,2013.0,"Feb,May,Aug,Nov",0,0,0,1,0,0,0,1,0,0
1014,210.0,0.0,0.0,1,31.0,2013.0,"Jan,Apr,Jul,Oct",0,0,0,1,0,0,0,0,0,1
1015,9910.0,12.0,2010.0,1,9.0,2011.0,"Mar,Jun,Sept,Dec",0,0,0,0,0,0,1,0,0,1
1016,550.0,0.0,0.0,1,35.0,2010.0,"Mar,Jun,Sept,Dec",0,0,0,0,0,1,0,0,0,1
1017,110.0,11.0,2008.0,0,0.0,0.0,0,0,0,0,0,0,1,0,1,0,0
1018,140.0,9.0,2012.0,0,0.0,0.0,0,0,0,0,0,0,1,0,0,0,1
1019,2740.0,7.0,2014.0,1,13.0,2010.0,"Jan,Apr,Jul,Oct",0,0,0,0,0,0,1,0,0,1
1020,40.0,8.0,2015.0,0,0.0,0.0,0,0,0,0,1,0,0,0,1,0,0
1021,1080.0,5.0,2011.0,0,0.0,0.0,0,0,0,0,1,0,0,0,1,0,0
1022,1520.0,0.0,0.0,0,0.0,0.0,0,0,0,0,1,0,0,0,0,0,1
1023,3740.0,2.0,2002.0,1,14.0,2011.0,"Jan,Apr,Jul,Oct",0,0,0,0,0,1,0,1,0,0
1024,1990.0,1.0,2012.0,0,0.0,0.0,0,0,0,0,0,0,1,0,0,0,1
1025,720.0,11.0,2009.0,0,0.0,0.0,0,0,0,0,1,0,0,0,1,0,0
1026,450.0,6.0,2011.0,1,48.0,2012.0,"Mar,Jun,Sept,Dec",0,0,0,0,0,1,0,1,0,0
1027,190.0,6.0,2008.0,1,40.0,2011.0,"Jan,Apr,Jul,Oct",0,0,0,1,0,0,0,0,0,1
1028,150.0,0.0,0.0,1,31.0,2013.0,"Jan,Apr,Jul,Oct",0,0,0,1,0,0,0,1,0,0
1029,1590.0,3.0,2006.0,0,0.0,0.0,0,0,0,0,1,0,0,0,1,0,0
1030,36410.0,4.0,2008.0,0,0.0,0.0,0,0,0,0,1,0,0,0,1,0,0
1031,590.0,5.0,2001.0,0,0.0,0.0,0,0,0,0,0,0,0,1,1,0,0
1032,270.0,2.0,2013.0,1,40.0,2012.0,"Jan,Apr,Jul,Oct",0,0,0,0,0,0,1,0,0,1
1033,7680.0,3.0,2006.0,0,0.0,0.0,0,0,0,0,1,0,0,0,1,0,0
1034,13750.0,4.0,2015.0,0,0.0,0.0,0,0,0,0,1,0,0,0,1,0,0
1035,27150.0,0.0,0.0,0,0.0,0.0,0,0,0,0,1,0,0,0,1,0,0
1036,9560.0,0.0,0.0,1,36.0,2013.0,"Jan,Apr,Jul,Oct",0,0,0,0,0,0,1,0,0,1
1037,150.0,0.0,0.0,0,0.0,0.0,0,0,0,0,1,0,0,0,0,0,1
1038,17290.0,10.0,2013.0,0,0.0,0.0,0,0,0,0,0,0,0,1,1,0,0
1039,70.0,6.0,1990.0,1,22.0,2012.0,"Mar,Jun,Sept,Dec",0,0,0,1,0,0,0,0,0,1
1040,4030.0,2.0,2013.0,1,10.0,2014.0,"Jan,Apr,Jul,Oct",0,0,0,1,0,0,0,1,0,0
1041,1600.0,8.0,2013.0,1,40.0,2014.0,"Jan,Apr,Jul,Oct",0,0,0,0,0,1,0,1,0,0
1042,3440.0,0.0,0.0,1,31.0,2013.0,"Feb,May,Aug,Nov",0,0,0,1,0,0,0,1,0,0
1043,420.0,3.0,2006.0,0,0.0,0.0,0,0,0,0,0,0,1,0,1,0,0
1044,240.0,4.0,2015.0,1,13.0,2010.0,"Jan,Apr,Jul,Oct",0,0,0,0,0,1,0,1,0,0
1045,26990.0,12.0,2013.0,0,0.0,0.0,0,0,0,0,1,0,0,0,0,0,1
1046,29070.0,4.0,2005.0,0,0.0,0.0,0,0,0,0,0,0,0,1,0,0,1
1047,3750.0,0.0,0.0,1,45.0,2009.0,"Feb,May,Aug,Nov",0,0,0,1,0,0,0,1,0,0
1048,1860.0,9.0,2012.0,1,40.0,2012.0,"Jan,Apr,Jul,Oct",0,0,0,0,0,0,1,0,0,1
1049,370.0,7.0,2012.0,1,14.0,2011.0,"Jan,Apr,Jul,Oct",0,0,0,1,0,0,0,1,0,0
1050,13170.0,8.0,2014.0,1,9.0,2011.0,"Mar,Jun,Sept,Dec",0,0,0,0,0,0,1,0,0,1
1051,200.0,7.0,1998.0,1,1.0,2012.0,"Jan,Apr,Jul,Oct",0,0,0,0,0,1,0,1,0,0
1052,5080.0,0.0,0.0,1,31.0,2013.0,"Feb,May,Aug,Nov",0,0,0,1,0,0,0,0,0,1
1053,1710.0,7.0,2015.0,0,0.0,0.0,0,0,0,0,1,0,0,0,1,0,0
1054,13190.0,0.0,0.0,1,45.0,2013.0,"Feb,May,Aug,Nov",0,0,0,1,0,0,0,0,0,1
1055,1980.0,4.0,2009.0,0,0.0,0.0,0,0,0,0,0,0,1,0,1,0,0
1056,5350.0,0.0,0.0,1,40.0,2012.0,"Jan,Apr,Jul,Oct",0,0,0,0,0,0,1,0,0,1
1057,3230.0,11.0,2011.0,0,0.0,0.0,0,0,0,0,0,0,0,1,0,0,1
1058,180.0,0.0,0.0,1,35.0,2010.0,"Mar,Jun,Sept,Dec",0,0,0,1,0,0,0,0,0,1
1059,3380.0,4.0,2013.0,0,0.0,0.0,0,0,0,0,0,0,1,0,1,0,0
1060,3430.0,0.0,0.0,1,31.0,2013.0,"Feb,May,Aug,Nov",0,0,0,1,0,0,0,0,0,1
1061,8110.0,0.0,0.0,0,0.0,0.0,0,0,0,0,0,0,0,1,0,0,1
1062,190.0,9.0,2012.0,1,40.0,2012.0,"Feb,May,Aug,Nov",0,0,0,0,0,0,1,1,0,0
1063,6250.0,0.0,0.0,0,0.0,0.0,0,0,0,0,1,0,0,0,0,0,1
1064,420.0,0.0,0.0,0,0.0,0.0,0,0,0,0,1,0,0,0,0,0,1
1065,1290.0,0.0,0.0,1,35.0,2011.0,"Mar,Jun,Sept,Dec",0,0,0,1,0,0,0,1,0,0
1066,3350.0,0.0,0.0,0,0.0,0.0,0,0,0,0,1,0,0,0,1,0,0
1067,12020.0,7.0,2009.0,0,0.0,0.0,0,0,0,0,0,0,0,1,0,0,1
1068,5010.0,0.0,0.0,1,5.0,2013.0,"Jan,Apr,Jul,Oct",0,0,0,0,0,0,1,0,0,1
1069,18050.0,0.0,0.0,1,14.0,2011.0,"Jan,Apr,Jul,Oct",0,0,0,1,0,0,0,0,0,1
1070,400.0,10.0,2008.0,0,0.0,0.0,0,0,0,0,0,0,1,0,0,0,1
1071,820.0,3.0,2012.0,1,35.0,2012.0,"Mar,Jun,Sept,Dec",0,0,0,1,0,0,0,1,0,0
1072,5380.0,8.0,2015.0,1,5.0,2010.0,"Feb,May,Aug,Nov",0,0,0,1,0,0,0,0,0,1
1073,1710.0,0.0,0.0,1,44.0,2012.0,"Jan,Apr,Jul,Oct",0,0,0,1,0,0,0,0,0,1
1074,3330.0,10.0,2001.0,1,14.0,2011.0,"Jan,Apr,Jul,Oct",0,0,0,0,0,1,0,0,0,1
1075,1410.0,10.0,2013.0,0,0.0,0.0,0,0,0,0,1,0,0,0,0,0,1
1076,90.0,0.0,0.0,1,1.0,2013.0,"Jan,Apr,Jul,Oct",0,0,0,1,0,0,0,0,0,1
1077,3750.0,11.0,2001.0,1,35.0,2010.0,"Mar,Jun,Sept,Dec",0,0,0,1,0,0,0,1,0,0
1078,670.0,0.0,0.0,1,40.0,2011.0,"Jan,Apr,Jul,Oct",0,0,0,0,0,0,1,0,0,1
1079,16680.0,0.0,0.0,1,37.0,2009.0,"Jan,Apr,Jul,Oct",0,0,0,1,0,0,0,1,0,0
1080,2410.0,0.0,0.0,1,40.0,2014.0,"Jan,Apr,Jul,Oct",0,0,0,1,0,0,0,1,0,0
1081,400.0,3.0,2006.0,0,0.0,0.0,0,0,0,0,0,1,0,0,1,0,0
1082,440.0,4.0,2002.0,0,0.0,0.0,0,0,0,0,0,0,1,0,1,0,0
1083,11540.0,0.0,0.0,1,5.0,2013.0,"Feb,May,Aug,Nov",0,0,0,0,0,0,1,0,0,1
1084,190.0,0.0,0.0,1,13.0,2010.0,"Jan,Apr,Jul,Oct",0,0,0,1,0,0,0,1,0,0
1085,4030.0,2.0,2015.0,0,0.0,0.0,0,0,0,0,0,0,1,0,1,0,0
1086,180.0,11.0,2013.0,1,18.0,2011.0,"Feb,May,Aug,Nov",0,0,0,1,0,0,0,1,0,0
1087,2210.0,11.0,2011.0,0,0.0,0.0,0,0,0,0,0,0,0,1,0,0,1
1088,4300.0,3.0,2009.0,1,27.0,2013.0,"Jan,Apr,Jul,Oct",0,0,0,1,0,0,0,1,0,0
1089,5220.0,5.0,2009.0,0,0.0,0.0,0,0,0,0,0,0,0,1,1,0,0
1090,330.0,0.0,0.0,1,14.0,2011.0,"Jan,Apr,Jul,Oct",0,0,0,1,0,0,0,1,0,0
1091,9990.0,0.0,0.0,0,0.0,0.0,0,0,0,0,1,0,0,0,0,0,1
1092,300.0,7.0,2000.0,1,40.0,2014.0,"Jan,Apr,Jul,Oct",0,0,0,1,0,0,0,1,0,0
1093,10450.0,6.0,2009.0,0,0.0,0.0,0,0,0,0,0,0,1,0,0,0,1
1094,2380.0,3.0,2013.0,1,40.0,2014.0,"Jan,Apr,Jul,Oct",0,0,0,0,0,0,1,1,0,0
1095,690.0,6.0,2007.0,1,14.0,2011.0,"Jan,Apr,Jul,Oct",0,0,0,1,0,0,0,1,0,0
1096,1130.0,0.0,0.0,1,10.0,2014.0,"Mar,Jun,Sept,Dec",0,0,0,1,0,0,0,0,0,1
1097,720.0,3.0,2002.0,0,0.0,0.0,0,0,0,0,0,1,0,0,0,1,0
1098,1830.0,11.0,2004.0,0,0.0,0.0,0,0,0,0,1,0,0,0,1,0,0
1099,200.0,4.0,2013.0,1,14.0,2013.0,"Jan,Apr,Jul,Oct",0,0,0,1,0,0,0,0,0,1
1100,540.0,0.0,0.0,1,14.0,2011.0,"Jan,Apr,Jul,Oct",0,0,0,1,0,0,0,1,0,0
1101,4060.0,9.0,2012.0,0,0.0,0.0,0,0,0,0,0,0,0,1,0,0,1
1102,850.0,11.0,2012.0,1,40.0,2014.0,"Jan,Apr,Jul,Oct",0,0,0,1,0,0,0,1,0,0
1103,1340.0,10.0,2006.0,1,5.0,2013.0,"Feb,May,Aug,Nov",0,0,0,0,0,0,1,0,0,1
1104,260.0,2.0,2012.0,1,14.0,2011.0,"Jan,Apr,Jul,Oct",0,0,0,0,0,0,1,1,0,0
1105,330.0,11.0,2008.0,1,5.0,2013.0,"Feb,May,Aug,Nov",0,0,0,0,0,1,0,0,0,1
1106,5330.0,9.0,2011.0,1,31.0,2013.0,"Jan,Apr,Jul,Oct",0,0,0,1,0,0,0,0,0,1
1107,1400.0,6.0,2012.0,1,13.0,2010.0,"Jan,Apr,Jul,Oct",0,0,0,1,0,0,0,1,0,0
1108,540.0,4.0,2004.0,0,0.0,0.0,0,0,0,0,1,0,0,0,1,0,0
1109,3490.0,4.0,2011.0,1,22.0,2012.0,"Jan,Apr,Jul,Oct",0,0,0,0,0,1,0,1,0,0
1110,900.0,9.0,2010.0,0,0.0,0.0,0,0,0,0,0,0,1,0,0,0,1
1111,1900.0,6.0,2014.0,1,31.0,2013.0,"Jan,Apr,Jul,Oct",0,0,0,1,0,0,0,1,0,0
1112,1880.0,4.0,2006.0,0,0.0,0.0,0,0,0,0,0,0,1,0,0,0,1
1113,9260.0,0.0,0.0,0,0.0,0.0,0,0,0,0,1,0,0,0,0,0,1
1114,870.0,0.0,0.0,0,0.0,0.0,0,0,0,0,1,0,0,0,0,0,1
1115,5350.0,0.0,0.0,1,22.0,2012.0,"Mar,Jun,Sept,Dec",0,0,0,0,0,0,1,0,0,1
